"E+ Electric Use (kWh) - BEMCmpMgr 2022.3.0 SP2 (8454)",1
"Mon 29-Apr-24  11:09:57 am"
"EplusElecUse",Hour
"EplusTotalKWH"
55.4242
55.5766
54.1206
55.7902
58.7835
61.6795
63.2089
68.1555
73.7273
81.8126
88.9203
75.7955
68.0521
61.231
52.9455
48.2896
61.0007
75.7463
83.2064
71.2475
61.6885
62.7232
61.3275
59.4295
50.8183
51.7432
53.1538
51.9184
49.8489
51.4156
51.9591
56.0758
71.5117
66.9392
77.9846
70.859
69.1386
57.6412
59.0782
59.361
67.9924
71.1246
79.0017
75.3518
82.6564
71.0111
62.3141
54.8473
42.7042
42.0211
44.8856
47.222
60.0009
53.852
54.5514
54.8695
53.7128
56.5425
79.6936
57.1596
66.6252
53.5349
67.9134
58.2815
61.1899
66.9423
85.0047
80.4772
69.7309
73.5981
59.887
62.7467
51.0263
49.8571
51.8876
54.9946
65.5335
58.1404
62.3821
61.1534
57.3121
63.2133
73.4143
70.4078
65.3139
58.9675
61.0667
52.2789
56.5223
58.2542
76.2167
71.7197
73.1924
73.1954
63.9452
61.9879
53.9926
48.9452
44.4975
44.0306
44.8624
48.1293
54.1142
56.8554
68.6994
74.141
88.2841
75.3313
79.6395
51.8709
59.9794
61.9051
70.6147
66.8527
64.6078
67.547
76.5647
55.1839
49.8402
51.0725
48.3855
39.7392
39.2882
38.1756
38.1351
41.1197
48.0206
53.3287
69.0671
69.1429
70.1206
71.0303
69.0102
50.8729
53.0258
58.3034
66.9066
64.764
69.4338
73.2548
76.823
61.4831
59.3485
54.7969
47.7093
37.1742
36.9153
39.7917
38.3094
43.0876
50.4273
56.3845
62.2612
62.4037
68.6233
62.1226
55.4121
53.0113
56.7814
61.9009
66.0331
62.637
69.4719
72.8553
68.5728
61.3588
57.1254
49.8663
43.9323
43.1267
47.0038
49.5983
51.5645
52.3092
55.4837
61.3675
78.9847
69.344
73.2054
74.4608
64.1161
52.4289
54.1407
59.7567
68.6003
63.905
70.9689
72.5731
73.3885
55.7946
49.9073
47.3524
49.3808
39.7379
39.5069
39.8229
41.7948
45.7097
53.0509
56.8649
69.1359
73.3901
69.4425
68.1235
83.3429
51.8125
52.9139
58.2101
65.2176
64.4786
69.7661
72.3975
75.0507
58.6157
58.8001
56.5754
40.54
38.6807
39.9058
43.1881
50.6816
46.315
50.4713
54.9459
52.033
58.0129
80.6005
74.2217
69.0437
53.3862
58.8684
54.1492
59.2951
64.8753
85.8686
74.0421
67.0049
66.8934
49.0707
54.4313
38.8987
35.2545
35.5819
39.9494
49.9841
44.8384
48.5831
49.5401
48.0707
49.8049
63.3593
67.4765
71.2923
61.4209
73.921
58.4627
58.0004
62.8831
88.4055
73.8087
63.3681
60.3004
49.9267
53.2684
40.0609
38.33
40.9186
43.0875
44.997
47.8004
52.1944
56.7724
61.8039
69.781
77.4886
59.9205
58.2803
56.6723
55.8349
58.2716
64.3913
64.8928
75.1795
73.0945
72.7112
65.4519
57.5961
55.9385
47.7002
39.4452
41.2364
42.0935
42.8159
46.5089
50.3282
53.2158
59.0727
69.5886
68.6211
60.9929
53.9869
54.9689
55.2917
57.2893
66.1338
68.4727
73.2613
79.6847
66.4299
59.4897
64.2879
51.4972
40.5109
34.7014
36.1564
36.6473
38.6392
40.4772
44.0723
52.737
61.1138
71.5698
69.9856
59.1264
59.4438
54.2302
56.3756
62.4815
71.3596
71.6215
71.2917
75.4621
74.1836
59.9001
57.4869
45.6661
41.448
34.2883
36.1604
38.2023
40.3641
42.4177
49.0252
55.1243
58.8566
57.5865
61.3054
59.9213
59.5024
52.377
58.6704
59.4085
64.6997
64.2006
64.6972
72.3146
70.4674
59.0732
54.47
45.6093
41.4304
38.6437
41.5194
46.6894
42.7124
45.3329
48.468
54.3975
60.7494
65.8176
73.5952
57.912
62.6907
49.9921
52.8373
55.1915
64.3829
63.8458
70.4482
74.3025
64.8848
58.5039
57.2334
61.4774
40.3793
36.654
36.9671
39.0002
44.6538
43.8079
47.4402
51.86
51.4521
57.1013
66.9958
68.3385
69.5255
59.0618
60.4758
52.8476
54.0931
59.2134
74.4191
72.0716
69.8246
67.7366
49.4235
47.9173
43.4369
41.6234
43.2741
45.2819
48.736
46.7629
50.4154
62.534
63.2339
68.2842
60.7114
58.0021
57.4439
53.4278
60.9213
49.936
50.4136
59.4992
67.7782
67.6079
59.7097
58.819
50.7599
56.4207
44.5251
37.7262
36.5179
36.8175
36.6143
39.1425
45.6398
52.0761
62.3686
80.0047
57.6119
68.3026
63.3568
56.6242
48.5614
53.6211
60.8691
75.7819
80.4282
61.63
56.7879
58.753
58.4471
53.6319
42.8034
41.6665
40.5311
40.4216
40.4734
41.9983
46.0305
56.3003
69.0177
71.4891
78.339
64.5512
77.5163
50.444
52.5697
58.1207
74.0572
65.1094
67.1201
74.9554
77.2921
64.2142
65.8291
58.4365
44.7387
41.8559
41.1042
41.4637
41.4622
44.4253
49.7531
54.0272
57.9852
59.0247
69.2762
56.2947
75.197
50.5483
53.356
59.0282
65.7014
63.453
71.0022
70.6928
66.1814
61.4938
58.5835
50.9891
35.642
36.5112
35.2397
34.748
34.6605
38.4379
47.9806
50.5684
57.8157
67.3342
75.8573
55.5952
62.7144
55.829
53.3457
55.7006
61.7448
66.9308
71.5462
65.0202
60.7806
64.0007
60.2221
49.8651
43.245
37.7449
39.5125
40.1118
39.0239
40.3039
43.1431
52.6024
68.0578
68.2622
62.2688
61.8115
89.113
53.4423
59.9111
59.8061
66.092
71.0358
76.1059
77.9156
79.7772
61.8154
60.7326
49.4394
39.1647
40.3048
40.3674
41.7972
44.4498
45.0095
48.5916
52.8297
57.1206
62.1277
60.1923
75.214
66.0126
56.588
63.0667
54.475
55.2508
58.1815
72.9425
73.8911
70.076
71.0307
57.0734
64.2073
45.64
39.5784
40.0668
40.8275
45.6003
40.8519
43.5833
47.2213
47.3073
51.5926
77.0487
62.2243
62.5381
51.6598
55.9447
49.173
51.9341
55.3828
70.0072
67.6169
66.6443
69.1532
52.0868
58.5288
45.5445
44.5018
44.2758
44.3345
40.5022
43.3556
48.129
55.906
64.7261
72.6842
67.1204
62.9683
83.8247
54.9594
57.1702
56.526
65.3046
64.4477
68.6151
73.3611
71.8272
54.8641
53.8361
46.875
42.1233
41.0155
40.6538
41.8806
43.2483
46.8814
53.5172
55.1373
59.0315
66.96
74.1398
55.4122
63.3067
53.6499
53.4924
58.4012
73.3596
64.9694
69.3562
70.576
72.1044
61.4458
56.6819
51.875
43.2665
37.9308
36.627
36.1712
36.0783
40.7266
47.0171
53.0481
63.6347
68.7448
74.8037
63.7757
70.2588
51.1483
54.8892
58.0202
67.1679
66.4178
67.264
68.5371
75.8072
56.2575
49.1631
49.542
42.7052
41.1422
42.1387
43.8562
44.7797
47.9871
55.603
56.879
63.6949
64.9998
76.0296
67.396
83.8917
53.3252
52.7919
58.2694
70.7965
66.4799
71.5062
71.7473
83.879
57.6442
55.1084
44.9891
38.8975
39.6766
40.8361
42.3286
43.553
46.9724
51.4555
53.8491
65.1292
68.4324
71.409
66.6377
81.4123
50.4413
53.0522
54.0288
62.2301
66.5593
75.5181
71.8712
74.556
63.7503
50.6822
46.8872
41.1722
35.9759
35.7274
36.4348
37.1614
37.7079
41.1468
46.2393
48.2915
49.4436
75.6504
69.6896
50.4703
48.8159
60.4706
57.1027
55.9503
71.8593
76.6414
76.2525
59.8967
60.4732
55.0906
61.5003
48.5527
44.7249
46.1486
49.3987
60.0381
52.0722
56.1878
59.5096
56.361
52.5636
62.7116
57.6969
54.1272
47.4941
53.2024
48.6155
51.0992
56.4102
69.5776
70.0941
65.4855
66.1162
59.4876
59.9949
51.5544
49.6705
49.5311
48.9354
48.9924
51.4791
56.2184
61.9243
67.274
73.2986
71.1709
59.9612
59.5242
56.5525
55.0867
59.2764
67.3207
64.3336
69.8292
80.7863
77.3903
64.552
75.3335
60.558
49.0785
46.1081
45.8508
46.3603
46.4976
48.8914
54.9599
58.0493
68.8272
64.0938
70.3274
70.6528
94.1549
53.3654
59.5263
56.636
69.2697
66.6602
74.9976
77.3639
75.8318
65.9819
71.4257
61.2634
54.7419
56.4032
58.8907
59.1585
60.1341
63.5205
71.3822
66.5167
64.4275
66.3988
66.6273
56.4457
60.4298
49.3424
51.2642
58.4032
65.9112
64.5735
67.5152
66.9831
73.4966
70.0312
61.9329
58.7319
56.0272
52.8409
52.6802
51.8307
55.7506
59.9123
65.3908
66.4832
72.156
67.2522
64.5868
61.2352
68.147
52.5402
53.7382
59.6979
65.4749
65.3037
68.3746
75.6193
89.1753
73.9013
67.0142
66.1694
63.6333
63.2112
66.4956
73.5351
71.1094
71.0586
72.6546
72.0816
68.7114
68.5808
74.0841
59.0025
56.9455
49.618
54.4937
53.2777
62.4321
66.7558
69.4414
67.8288
68.682
70.417
65.3137
65.697
71.3188
59.7418
63.1606
65.0877
69.4141
65.6715
66.4101
63.2482
56.9028
58.5718
68.3377
73.3855
58.2579
50.7419
57.2503
49.6552
49.0879
56.2728
76.0675
66.466
62.1705
66.4631
56.4135
58.5663
52.0506
51.9654
53.1967
56.3771
64.0613
58.3401
60.5862
61.5279
56.7519
51.467
64.7365
69.0093
63.6799
52.9952
60.8779
52.5542
52.8369
64.7406
80.0331
69.0319
60.9565
62.4061
49.5274
52.7466
48.9269
47.2021
49.0428
47.8466
47.0512
51.369
60.6797
60.6214
62.9329
68.5003
66.1682
62.2012
78.4755
49.3788
52.7875
56.9668
60.9705
62.6624
63.3076
65.5266
77.591
56.2506
58.7068
60.0861
50.6589
42.3342
42.624
45.1879
48.0214
53.0519
61.028
61.6839
67.5319
67.7093
66.4549
57.0558
64.7084
60.0238
54.0051
53.9279
68.3725
66.026
65.3728
66.6613
68.5518
54.6891
55.8541
51.5037
45.1396
44.192
45.2651
47.3938
48.8411
52.2955
57.1954
55.821
59.7289
69.9096
67.4798
60.752
75.3903
54.1428
53.4463
54.6775
62.663
65.5334
72.0908
67.3195
65.4934
57.3311
58.4392
52.2909
42.4899
39.7749
41.9383
45.7399
47.5902
49.7326
54.5597
59.9737
67.194
69.8259
77.0509
70.6168
89.4225
51.5869
53.8301
58.4108
64.7888
61.6986
70.061
65.7984
67.7191
57.7032
50.3201
44.4681
42.6858
41.0652
43.7394
45.1366
46.251
46.887
50.1421
57.9822
64.95
65.4769
66.2143
58.0755
69.016
50.4171
51.853
53.2479
63.8351
66.3048
70.9518
70.8148
68.6208
59.2642
58.4511
49.8811
44.1959
38.1696
38.7816
39.4553
43.1486
42.6547
47.6885
53.3899
53.9374
56.6137
80.4586
70.9132
73.4776
64.3824
67.2462
59.3543
57.9442
72.1443
99.8956
81.5073
79.1154
79.8447
63.2697
61.4787
45.4206
44.4983
46.0696
47.3733
54.1576
48.0285
53.453
58.4929
57.6616
68.7033
76.2577
67.9471
69.2594
54.5447
63.0566
47.4368
48.2484
58.4333
78.3061
68.9272
68.2045
71.7039
60.8712
65.0614
55.7122
57.2168
59.8011
61.4642
63.3601
66.1783
69.0833
66.3281
71.0869
91.1563
76.8732
67.1142
72.9682
68.3085
55.1961
52.9104
49.799
60.7228
68.8242
62.2764
58.9462
59.3851
63.0193
62.7034
56.8223
56.7066
57.5733
59.3824
61.0242
66.1618
71.0984
69.5654
71.9793
67.6482
67.5456
56.5208
59.2767
55.4677
50.4627
54.8495
62.8005
61.5107
65.7638
67.3396
80.1419
65.1983
66.5202
55.4082
51.7388
51.5591
51.8852
53.066
55.0142
57.7149
62.1601
61.1464
70.4401
74.656
78.1491
67.3015
60.4253
48.673
52.8731
59.1232
69.9507
65.012
65.9242
69.4661
78.5162
59.0489
51.61
47.7727
44.6343
39.7618
38.9179
39.3343
39.4882
42.1522
45.55
55.0402
67.5065
66.4985
76.1859
69.6115
75.1517
55.6954
55.0817
55.6827
61.4168
70.9234
70.2969
74.1195
77.2346
63.4501
61.1214
56.0632
42.8484
42.7684
42.195
42.3238
42.2656
44.4054
47.5688
55.6551
69.2176
71.2896
79.0775
66.8112
58.245
49.7898
53.5649
61.9703
73.8165
65.9162
66.2901
73.1486
68.8049
66.414
62.6134
60.5137
59.0779
48.3687
50.3746
52.4752
56.9936
54.1578
53.4673
58.419
60.1281
62.0229
69.043
75.2631
57.6235
49.0919
56.6031
51.6141
57.0179
63.7203
88.6678
75.6418
68.6902
71.5238
54.4477
56.6839
49.6687
44.1696
44.2679
46.3567
52.1187
49.1054
51.3803
56.5767
55.1593
51.8296
56.512
63.8939
70.3316
49.564
60.0588
48.302
49.2885
62.0395
86.5457
76.324
73.62
77.315
58.2729
64.5704
58.0448
57.3044
59.3355
61.2338
62.9584
66.5133
72.438
69.8165
74.3914
76.7233
77.8123
63.1139
64.4085
50.0884
59.4431
55.4943
61.2982
66.6262
73.3455
76.8661
78.5091
64.0945
67.4689
53.3161
43.6284
43.233
43.0712
42.2056
44.5288
47.7965
55.6003
60.333
71.8737
72.3077
76.7136
68.2075
79.6803
52.3156
54.1489
53.6112
68.7655
63.9491
71.7223
75.745
77.9969
67.5692
68.1534
57.0158
53.6498
50.384
54.0124
56.8967
57.8032
56.9659
59.0521
56.782
60.7726
63.3878
76.7142
63.6691
56.531
50.4384
51.9514
55.0013
68.4854
64.01
69.5059
67.6663
73.3657
58.5615
63.7347
57.3181
45.6391
46.9296
48.6057
49.0269
44.6408
44.5635
45.3834
53.8212
60.8327
64.3019
72.7514
59.2948
72.0645
48.9715
51.3384
54.9069
62.9917
61.0009
68.8833
66.8509
72.4446
60.0935
60.911
51.1615
36.7825
38.7657
41.1748
43.3066
43.8719
47.0588
54.2015
49.0611
59.234
67.9435
62.6552
61.0176
82.9114
50.3756
53.4481
53.5612
63.2385
64.0766
66.5853
72.9016
75.7034
56.6793
62.4299
59.7414
43.6863
41.8408
43.4057
44.9653
46.9376
47.1502
50.208
50.9838
51.1722
53.6457
69.5263
78.8914
65.4377
54.2098
60.0233
53.5175
54.4339
63.9568
84.1303
71.9663
63.2033
62.277
47.6974
50.717
41.3289
35.5148
36.0388
36.5119
37.6687
37.1061
40.0356
46.6431
49.7451
55.012
58.7332
61.138
69.3099
50.494
58.1227
48.5224
48.1039
58.4609
84.9988
73.9354
74.3253
82.9529
49.5222
51.657
41.0094
37.2546
36.3922
36.6253
36.7029
40.1009
48.1464
52.3276
64.0813
60.0167
64.2782
56.696
49.2571
48.1208
48.7323
51.6087
57.4776
65.5028
68.9956
68.8283
72.8494
59.3497
55.6004
56.3124
47.3341
37.1264
36.4134
36.3545
36.3137
38.992
42.336
47.6173
56.5622
62.3004
66.8821
59.2613
67.4505
47.904
48.5658
53.4381
61.6918
60.7088
68.5388
64.362
70.0847
58.874
60.1501
41.5714
40.5018
34.8765
34.6416
34.8526
35.2406
39.461
42.7832
47.4526
63.0189
70.0668
74.6235
66.5872
77.9984
48.6829
48.8275
55.7413
64.6913
59.9186
66.7392
69.3405
77.214
55.7898
51.0941
49.7192
37.0682
35.4366
35.031
35.0238
35.59
39.8292
42.9518
47.5815
64.1642
71.6025
62.7562
57.7136
64.0675
53.6503
55.9245
58.1594
65.5374
67.2449
76.9337
68.7267
66.2842
58.5596
51.6233
51.8926
40.2145
32.5794
33.2578
33.6144
33.6226
34.2814
38.3296
47.262
60.2931
68.4235
68.196
61.0237
80.1176
50.6381
53.0448
58.2666
66.4114
64.8662
75.2463
69.4803
74.4525
54.0068
60.8894
52.171
35.4433
32.2915
32.2762
32.2811
33.4679
33.1264
36.2769
40.5607
49.1644
51.4697
62.0389
67.6582
60.1046
60.749
62.6778
55.8173
55.9105
56.6893
66.4543
70.5196
61.839
56.8942
50.5698
50.7659
39.7707
32.7068
32.5816
33.5389
33.0702
36.4254
43.7481
48.6988
49.6404
61.2122
67.4499
60.0632
60.8572
69.3818
62.5619
70.2159
77.9581
84.0243
75.3047
69.7487
71.8324
51.321
47.0271
35.5483
32.4726
33.2967
33.7027
33.642
33.938
37.8179
49.9922
60.1947
60.396
66.4732
62.0583
64.3715
58.3202
64.2754
70.4662
78.6904
84.4198
87.528
73.7515
72.8351
59.4803
52.4863
48.7624
43.0322
33.1181
31.8272
31.5072
31.1887
33.9426
37.8938
49.0185
63.0414
64.5738
65.7934
66.5831
76.9903
58.1474
63.2642
65.2162
76.5477
76.7656
79.3502
77.5786
77.0678
59.886
62.8157
47.0288
37.3998
32.9439
31.736
31.4503
31.1466
34.3635
41.5604
47.0996
60.4872
61.9171
64.4364
62.1688
72.7163
51.1337
54.9169
56.3823
65.1682
71.753
81.1316
74.1377
65.095
55.03
56.8965
46.0769
40.544
32.6108
31.712
31.6243
31.2815
34.0908
37.9443
45.5336
55.077
62.6258
67.0021
52.7193
53.8017
55.5567
55.4482
62.3651
70.7388
70.1693
69.5515
76.152
67.3569
56.2049
50.9424
49.5896
40.4736
32.2357
32.3734
32.5442
32.3563
33.8275
37.8692
44.9334
51.3149
54.7441
68.0373
53.238
60.9409
48.2395
49.3533
55.0054
64.4605
63.4383
64.1283
74.5556
72.3914
57.6285
58.3602
51.4951
36.0152
32.2534
32.6016
33.1162
35.7184
35.8583
39.526
43.4777
49.3173
54.3281
64.8241
64.0323
72.3663
56.4879
73.353
59.587
55.5468
69.1295
95.6947
67.7624
54.2921
54.133
44.8988
42.1054
33.848
32.3073
32.1615
32.1399
33.194
33.1536
36.9306
44.4845
49.557
50.3787
51.7423
64.2589
59.9952
48.1095
58.5779
56.6046
58.7446
69.6715
72.5751
81.4147
67.3188
63.9465
47.5215
54.3878
42.339
32.5481
31.6157
31.5263
31.188
33.9729
38.239
49.4828
58.4731
74.3402
72.9169
66.934
77.0551
66.4766
71.9235
73.5633
85.6192
90.3613
91.1762
84.7895
79.5049
68.7905
60.4951
56.1809
40.6081
32.8673
32.5745
32.6886
32.4824
34.4434
41.7711
47.0886
55.3965
66.8354
71.2732
65.1071
83.9453
55.5496
60.7322
65.2637
72.5904
76.5117
74.3661
70.6745
74.737
54.781
49.3423
39.5764
35.5085
32.8316
31.728
31.4559
31.1461
33.8931
37.84
46.8821
57.0674
71.5485
72.4236
57.4488
67.8976
54.2702
54.598
57.6553
67.4342
72.9028
83.1995
79.3729
68.1134
62.3688
69.3764
53.8857
34.1658
32.9618
31.7565
31.4568
31.154
34.1132
39.5837
46.5526
63.4261
68.4413
70.4095
62.6646
62.6833
53.9546
56.4502
61.848
78.2655
77.539
75.5868
77.3297
81.499
63.5059
60.5028
53.5202
36.4523
33.5037
32.0046
31.4854
31.1698
34.5591
43.5276
48.8531
62.6443
58.7609
66.8628
66.0271
59.0649
51.6547
60.537
65.6584
70.9063
68.5425
74.6251
71.2028
78.2657
56.3492
54.3934
46.3586
36.1423
32.4111
32.2658
32.747
37.5841
32.5867
36.4144
43.4655
52.4492
50.0752
62.8307
60.7176
60.125
49.9278
50.9219
46.2766
51.3773
57.1128
73.859
62.1896
63.0626
67.8774
45.4886
46.7153
33.7362
32.2287
32.5769
32.8753
33.9218
33.6909
37.0998
45.2303
47.602
59.371
69.9665
71.5771
70.1188
52.7777
57.6978
48.3253
49.4427
58.6603
75.2366
66.2435
65.0234
69.6841
45.5002
44.378
35.7488
33.9492
34.3649
34.4955
35.3906
36.5524
43.4324
52.7121
66.5953
62.0079
64.3174
59.6519
78.1957
51.486
52.0008
53.5165
65.337
64.0679
67.5611
69.7863
70.2914
56.6101
53.6745
52.7158
43.8852
33.5055
32.6975
32.312
32.4445
34.1091
38.0539
45.0604
59.7456
66.264
67.7545
59.2072
86.5385
54.102
52.5611
55.9139
63.5435
63.0396
69.9852
69.2772
64.5417
61.5293
52.2223
40.2924
35.6752
33.482
32.0967
33.4314
31.2371
34.2068
38.2078
47.3971
63.2757
69.0714
64.9016
62.3569
67.4422
51.6665
53.0748
54.0598
65.727
65.0508
63.777
62.4968
61.1205
62.0962
57.4907
51.4231
38.928
32.898
32.2433
34.4327
32.6336
35.6408
41.3113
49.1104
60.0312
70.5285
70.1689
61.6254
77.6351
52.5856
50.2394
50.9958
61.6604
64.2807
63.5342
68.1534
70.9475
58.9578
50.569
45.3363
38.4359
33.3208
33.0221
33.2647
33.4581
37.6511
41.562
48.8808
59.7517
69.5892
71.2368
60.6818
74.6265
49.3339
51.5113
52.8311
61.988
63.026
63.882
70.5631
69.641
54.2265
62.3453
47.358
36.0829
34.1227
35.3165
36.3752
40.8825
38.3539
41.818
49.2133
52.1313
59.1747
61.9151
76.4921
56.2447
48.863
57.0951
46.8282
48.3908
55.7053
56.7248
68.6194
59.1019
59.3529
45.8348
44.3637
36.9019
32.0879
33.2557
33.9782
40.3211
34.1975
37.8591
46.4743
47.0513
50.9758
60.5272
53.7176
65.219
45.2354
48.2736
44.2562
49.0419
62.4771
76.5181
59.2529
51.6185
50.626
48.096
44.9941
34.7543
32.6476
31.7844
33.4502
30.9568
33.894
40.0634
51.8853
70.1317
64.1815
78.5185
69.4611
68.5793
51.3747
58.1913
63.1202
77.4142
63.3004
63.9272
62.5775
57.0191
58.6102
56.8382
48.9007
42.4505
32.9311
31.2276
31.7248
33.2474
35.9374
41.5371
45.9309
49.4504
70.3005
82.0308
70.2341
73.0604
60.986
58.3428
53.4323
54.0583
65.1569
69.3754
55.4424
52.3688
51.5509
46.9203
44.7498
33.8613
33.2481
31.716
31.2274
30.9375
33.5093
38.6931
43.6609
56.849
68.7538
75.3917
57.5299
64.8797
52.3818
55.0176
56.4778
66.7793
62.442
63.6557
70.6423
76.6073
57.9216
58.7121
52.7918
36
32.3985
31.3114
31.0193
30.7041
34.0861
44.4506
48.3628
59.731
59.3851
66.1261
57.3325
72.5152
49.3262
53.1214
55.8675
64.7989
58.5587
59.5158
62.7194
55.5526
54.717
48.8961
49.6777
37.5862
32.2125
32.5291
36.3926
31.8552
33.4197
37.3814
45.9972
56.2267
64.9065
61.9261
58.5644
75.6746
49.252
52.5546
55.6855
61.9279
62.3883
64.0068
65.7227
73.8454
55.2428
57.3071
49.0042
34.8708
32.0143
32.447
32.9074
34.8735
35.714
39.4609
47.0519
54.9038
57.7112
60.9669
59.1525
62.2595
50.5119
54.9328
47.7889
50.3808
59.708
63.0861
68.5729
66.4277
69.9851
48.3038
52.5478
36.9102
32.0281
31.0321
31.7673
37.1942
32.0422
35.0075
44.5134
52.6855
52.7333
61.6479
67.8219
60.0776
50.166
53.4716
45.8119
48.2784
52.5205
61.9792
68.6045
59.1511
60.7751
47.5959
52.7323
36.6535
32.7768
32.3
32.1513
32.3389
33.6927
37.9365
51.1075
60.2969
63.7116
67.3819
57.8114
64.1638
49.2134
52.6965
52.431
62.8725
63.0823
61.62
70.4738
71.1025
55.4378
51.999
45.2456
39.2005
32.2204
31.2571
31.3536
31.1874
34.1619
40.8748
44.6761
58.3945
67.6672
70.2813
57.812
73.7301
49.8494
49.2631
51.0327
62.9459
60.7725
63.9094
63.1103
65.7082
51.6312
64.7266
52.8681
40.2489
36.492
36.9572
37.0879
37.0425
39.1519
46.431
48.7737
57.816
60.4741
65.7772
58.5618
68.1659
50.6654
48.9783
53.8049
59.5987
57.7151
65.1497
66.1539
77.297
59.704
54.8659
50.246
43.8906
40.8018
40.6732
40.8972
40.9074
43.6644
46.6056
50.5452
57.8607
67.1208
67.2545
63.0049
65.2155
51.2524
55.9257
58.6099
73.2506
61.8334
69.5661
68.2078
70.367
52.3395
60.2985
51.5997
47.788
47.6181
46.1437
48.5657
48.3694
50.4764
53.798
54.7078
65.8462
72.9659
77.3782
59.2296
62.065
51.6251
50.7181
51.3526
67.8435
60.7201
71.5684
66.1297
71.9198
55.284
52.1208
47.2327
35.1672
32.7446
32.9507
35.4529
39.4042
36.7249
39.6884
46.5566
53.5202
55.8737
62.8759
66.4097
65.398
49.4984
52.1462
44.133
50.074
56.832
74.5279
75.7155
60.6051
58.067
45.8572
48.3159
38.6724
31.6965
31.6496
32.8538
39.7935
35.5049
38.7837
47.5338
50.2657
53.4982
59.4805
57.4119
63.2531
49.7788
52.7299
45.5744
48.4848
53.3659
64.8357
64.6894
58.7245
52.8059
44.2747
47.8331
39.8525
32.0937
31.5094
31.6882
31.5852
34.9654
42.2117
49.2935
64.3346
58.0409
63.3908
59.1471
49.63
48.1473
47.9257
51.8487
60.0901
57.6709
61.0844
68.4759
67.4422
57.9674
53.0616
44.5858
34.3425
34.6461
36.2055
36.3705
36.3943
38.3871
45.3935
50.197
61.619
67.318
80.253
67.2591
55.9206
50.038
52.222
57.3266
74.0101
63.1945
66.7571
69.6332
76.5814
57.3714
47.5888
46.2821
42.0977
31.7628
31.2428
33.1398
30.655
34.2236
43.5769
49.5919
59.0706
69.1494
61.3089
60.0778
79.2843
58.608
62.8124
66.8866
80.4871
77.2598
76.2655
71.3336
70.1308
57.4664
59.7277
54.5962
37.9898
32.779
32.0326
35.5493
30.8183
33.6218
38.7935
44.8986
55.0425
66.5812
74.1763
75.0902
79.8432
72.0273
83.4692
83.9018
90.779
92.2439
94.1829
84.608
75.1098
64.0183
64.0676
53.8531
44.181
33.6633
31.9553
31.3949
30.9946
33.5916
37.444
50.5889
67.99
68.3035
68.4271
63.3877
77.3617
59.6144
62.577
71.7802
81.7775
80.0081
77.3913
77.2257
76.2741
55.07
50.1714
42.0105
35.3973
32.1696
32.5351
33.1272
39.5961
32.2961
35.2234
40.4653
45.0757
52.4295
79.7673
75.1885
67.0492
54.5476
57.4515
50.9938
55.932
57.7824
83.0504
74.7429
70.0669
71.8166
44.9622
45.7262
36.6682
31.8957
32.2437
31.9207
30.9685
32.4888
35.2423
40.2067
43.3771
45.1887
67.4311
55.7135
54.573
50.1652
60.932
53.1638
52.0851
56.6124
70.7097
65.8635
58.3122
60.2914
47.5416
49.0692
38.711
31.7325
30.9642
31.0323
30.9819
34.0226
40.7401
45.4709
60.9721
59.381
65.7188
63.444
64.7761
49.7309
56.818
57.6403
64.4737
59.8134
60.9
63.6794
68.8573
51.1779
54.7086
48.3051
38.0965
31.7149
30.9457
30.9234
30.827
33.5681
37.3433
46.79
56.5966
62.1638
62.4365
58.9668
74.8439
49.8828
50.8618
50.2583
54.8871
58.5584
67.7686
67.3887
63.2421
61.1133
61.501
48.6698
37.5113
33.1775
33.047
34.7743
32.5059
34.259
39.7609
49.2386
60.1273
57.528
58.6121
58.4332
58.2787
52.6436
52.21
54.2334
59.0031
59.3694
64.4232
67.1755
70.1508
55.2405
53.5767
43.5606
34.7491
31.6321
31.1227
33.2671
31.0306
34.3014
42.9377
46.5472
60.3222
71.042
69.431
59.8649
76.3071
51.9875
51.0967
52.039
62.7818
59.331
64.5557
62.459
77.2631
52.9056
56.1792
44.3679
37.4656
31.6741
31.2402
31.3867
31.2643
34.4442
40.0256
50.4211
58.367
61.1839
67.9863
55.0814
61.4928
50.1237
54.6254
54.837
61.5201
64.8597
69.8195
64.3384
68.9939
58.9386
46.0221
41.6512
39.241
32.2097
31.8556
32.2656
34.4036
34.0129
37.1057
42.8787
47.8591
50.3413
64.5233
67.3573
54.0101
51.6862
53.0076
49.0249
51.7744
54.9287
73.9993
64.894
62.2143
63.2836
47.2779
48.4966
35.4789
31.8121
31.7315
31.9652
35.2391
32.4913
35.349
43.408
50.0168
50.2871
64.6278
67.556
56.706
48.5497
61.7686
52.049
49.7224
54.5644
69.465
65.8002
66.2577
75.087
46.5516
45.7621
35.5155
32.2432
32.2911
34.2348
32.4333
34.1166
39.2256
44.5981
53.7971
62.028
62.0732
60.0038
64.2472
51.1395
55.1294
60.6369
69.2736
70.4979
76.3596
78.9692
74.3658
54.5282
51.2541
42.7598
36.4514
34.3627
33.5054
34.5709
32.1078
33.9437
41.4618
52.1113
61.4271
70.2812
77.5645
68.6345
68.3021
59.9651
65.2515
69.8366
73.9135
76.7355
81.3777
69.7337
67.2045
63.2251
53.3296
48.886
47.8918
32.6904
31.4539
31.1414
30.8335
33.37
37.3876
50.1451
65.3301
64.495
76.8944
60.9515
63.308
50.7349
59.1686
61.2949
67.3349
64.2947
66.699
68.9503
72.9058
52.7195
55.7838
40.871
33.4275
32.4532
31.3786
31.1062
30.8047
33.3491
36.6303
43.4208
57.9216
67.6483
67.4401
56.3734
107.085
50.4067
56.2764
55.3749
60.5216
60.5528
63.4198
68.9256
65.9378
62.3999
51.4349
45.442
34.1232
33.1964
31.2948
30.2851
29.9934
32.5961
37.5577
44.2153
66.3537
71.3131
78.2222
71.2094
67.6055
54.455
57.7678
61.3814
70.3203
71.5917
77.3801
74.1759
81.0741
56.1386
51.1818
51.4559
40.0247
31.8175
32.0111
32.4642
38.8928
31.4651
34.0865
38.1373
44.2783
48.7314
76.0537
68.2945
66.2862
62.8335
70.279
66.8867
68.6202
80.5331
101.96
88.0688
68.1999
64.2744
49.9814
50.1608
38.2313
32.4174
33.3107
32.7896
34.6369
31.5943
33.7636
38.3636
39.7767
48.5631
73.2844
73.3396
76.2278
68.6757
81.1548
72.1203
77.0381
84.9974
101.413
83.8747
72.3527
73.3597
50.0177
43.5816
36.2058
34.7002
32.0089
30.8054
30.3927
32.8694
35.9252
42.7618
57.4857
69.6577
82.0346
68.1932
81.3861
71.1611
75.7933
84.0939
91.9703
87.2255
84.4821
85.25
86.5716
68.1154
55.3899
53.0706
34.1361
33.0331
31.2084
30.5346
30.2205
32.7344
35.8979
43.7161
55.1089
63.123
60.022
56.1289
75.2677
55.2662
56.3046
60.8329
70.4788
73.6625
70.8861
73.0416
55.7924
50.1662
53.1795
41.2093
34.7743
32.121
30.8543
30.3533
30.0654
32.7157
37.5215
41.4107
55.0002
66.3627
66.737
62.7003
75.6683
46.9122
49.6588
55.71
59.4506
59.1475
60.7225
59.9609
63.5085
53.5111
46.1494
43.3331
42.3686
33.2976
33.3412
33.7901
33.7335
36.6457
43.4955
50.7963
58.8859
64.5136
61.4917
57.782
75.8999
49.0958
53.9094
54.5386
61.6975
57.2437
61.0793
60.1788
65.7733
51.5501
53.286
53.6215
36.9767
34.567
34.4653
35.2472
35.4838
38.3056
42.558
47.1573
53.0094
59.291
71.9427
56.5293
56.3326
49.3419
48.9429
54.9598
67.162
61.9534
58.3621
60.8007
58.9507
49.0373
46.444
39.194
40.9202
30.8582
32.1171
32.4569
38.496
31.416
34.3611
40.283
44.711
53.4672
71.2733
64.8625
60.486
52.3866
55.8456
46.2622
51.169
53.4648
63.02
65.474
56.7178
50.4876
42.7264
42.5481
37.7763
30.8865
30.4295
30.7897
34.0139
31.1666
34.0247
43.4576
50.5245
51.3666
50.2955
55.0304
65.7084
48.0405
60.6623
46.6372
46.7665
54.0493
77.4321
61.7394
57.0643
61.7575
43.3034
44.0411
32.0855
31.1955
30.4274
30.3106
30.063
32.6809
38.0331
46.09
57.1708
62.9314
66.3916
57.209
63.8822
49.6343
52.3086
56.7965
67.1152
61.5271
61.2394
61.666
57.6838
50.3612
47.9687
39.4216
36.1164
32.3775
31.0574
32.2846
29.8009
32.3638
37.8508
47.5373
58.8625
67.509
64.0993
54.1188
56.1214
50.0773
51.263
51.5931
63.4081
58.7657
61.8452
62.0652
68.1593
51.2939
47.6036
43.9414
32.3586
31.9248
31.7119
33.4306
31.0846
32.2145
36.1
49.2449
66.5485
54.6878
63.2066
61.635
83.2528
48.867
48.7181
55.2551
57.7327
61.2929
60.4268
64.3413
59.2442
53.0675
56.3704
52.5402
39.7587
31.4399
31.2731
31.2687
31.1032
32.4862
36.2502
45.8611
60.2774
61.4928
63.7617
62.8534
69.4752
51.8891
55.0563
54.2676
61.5454
61.6895
65.7746
60.5305
60.1611
54.4898
45.5707
41.4682
38.3097
31.3733
30.3747
30.3399
30.4387
33.1643
38.3228
47.0241
63.8183
65.3754
69.3266
61.4683
61.3535
48.7644
51.231
50.099
62.4867
59.5066
60.6268
60.9162
61.0259
50.8037
54.8217
49.1222
32.3568
31.3568
31.0755
31.5747
35.0798
32.4575
35.3255
40.7076
44.5586
52.6063
76.1545
70.2642
64.2332
53.0746
66.2087
50.2706
50.5515
55.549
62.8415
61.3169
53.8228
55.8778
43.6311
45.7673
35.557
31.2808
31.8294
31.7827
33.1915
32.7917
34.9927
39.703
44.8726
50.3512
68.1959
60.0724
56.6663
53.1635
53.8554
51.3259
56.4705
57.8976
66.0045
63.889
53.113
50.6777
42.9719
46.3828
35.4945
34.2635
33.4506
34.3061
34.421
37.1362
42.4929
43.6419
54.0922
55.8402
61.7598
55.0198
57.0039
47.9834
49.5285
52.8556
59.5119
61.7914
72.4823
60.3262
67.5929
48.4166
47.0337
41.8477
34.3826
31.7624
30.4926
30.0072
29.7019
32.4684
39.1678
44.5588
51.0359
51.5148
61.2824
55.451
52.525
53.2189
51.2421
59.0376
67.9811
67.6348
70.6662
65.1524
70.3701
57.7093
52.5757
43.6766
36.6424
32.1245
31.0105
32.4683
29.9938
32.3827
35.5361
42.7985
58.2292
64.5931
76.2909
70.2914
66.7677
61.4479
65.7137
70.0518
78.0258
83.5062
84.4948
81.8927
78.7009
69.8
66.7157
54.3259
38.2586
34.5874
32.3859
31.1827
30.525
32.6333
36.1869
46.7163
58.8367
74.4828
80.2196
80.5859
96.0643
77.8698
84.7631
89.8542
99.032
94.8945
100.149
100.52
82.0795
71.7377
68.458
54.5778
38.8273
35.289
32.3306
30.9898
30.4867
32.6277
35.9359
47.0147
67.2646
77.2691
94.45
80.089
90.8976
75.1646
80.3649
88.7871
101.806
95.2841
95.8702
90.6768
86.7952
72.6829
59.9893
54.3154
43.2862
34.0392
33.0945
32.3513
32.8777
31.4576
34.5867
44.048
50.8153
58.9259
80.6455
84.8131
86.9755
85.5242
94.1259
85.3481
82.8618
89.568
110.549
94.0498
79.1355
73.9066
54.5903
49.8612
39.0194
33.596
31.9461
32.8099
41.6746
31.4365
34.0992
42.004
47.4676
54.8848
67.022
66.2643
66.9577
60.9866
68.4687
61.1806
67.8178
76.9271
81.8425
73.063
70.3194
72.3858
42.788
41.8826
34.0482
32.2514
30.5459
30.4815
30.1294
31.362
34.9441
39.8197
50.8789
84.7629
63.6666
71.3145
58.5368
56.1713
45.9546
50.7406
57.645
58.9926
69.6027
52.337
49.1569
46.81
46.0754
45.4886
32.4334
31.4796
30.4789
30.216
29.9327
32.3134
35.6118
43.2963
62.6417
69.3227
71.5593
63.4109
76.7847
49.5945
52.8281
56.8941
67.9815
58.9556
59.3324
65.7096
75.9185
49.4288
48.6011
44.2229
34.6116
30.9778
30.2456
30.2104
29.9231
32.9494
41.2898
44.5575
59.1105
68.3204
70.565
59.9265
68.6624
47.9237
48.584
54.6556
63.7503
67.1841
68.2203
71.6883
69.7175
54.0681
46.4608
46.6493
34.7708
31.5353
31.3642
31.3577
31.2036
32.7857
39.7944
47.2975
55.4465
65.442
72.375
60.691
58.3575
54.5082
60.4908
62.555
78.2511
71.2382
72.4767
72.5135
71.8646
57.2067
59.62
51.0556
35.3535
31.4886
30.9417
32.7196
30.1276
32.5039
35.7594
43.0288
61.9721
81.7643
86.3794
70.0737
79.2788
54.9938
59.1686
65.6983
78.367
73.2699
77.8677
74.8521
66.4337
54.4504
53.8332
48.9171
34.7784
31.5036
31.4379
31.3533
32.3391
31.3544
35.151
48.3548
53.9709
60.4695
60.9027
72.092
61.1184
57.3648
65.6467
50.7741
53.6524
62.54
72.9773
60.5707
56.953
56.8432
43.3576
44.9428
32.7406
31.3524
31.3959
32.1061
38.8763
31.4451
34.029
41.7733
46.4148
51.3561
61.2061
63.056
62.0027
51.4005
53.6545
47.1289
50.334
55.3301
74.9582
67.4844
56.8851
56.1645
42.7248
44.7577
35.3681
30.6068
29.9057
29.8615
29.5936
32.1554
37.6232
47.7923
53.2747
61.1222
58.7287
57.1605
62.9791
61.7566
76.3211
76.0969
91.7671
84.7975
81.012
79.1311
67.6323
57.1771
54.6643
42.5512
44.4377
32.715
31.1754
30.5911
30.147
32.4207
37.4156
44.0967
57.2999
67.8604
82.7116
75.5268
76.1674
61.4485
67.8454
75.0874
82.1898
81.3787
90.4608
78.9179
69.8015
49.6421
52.9564
41.4242
35.0349
31.7378
31.6366
31.5511
31.3664
32.393
37.4332
44.5017
57.3463
61.4952
63.0097
61.3486
73.7294
57.0826
57.3842
64.8721
76.8419
80.2706
79.9125
78.5478
71.9281
55.4627
50.9283
43.3805
33.8107
31.9636
30.8113
30.4375
30.1645
32.406
37.1541
42.5199
52.9804
57.0697
58.7946
53.4299
72.5765
49.1185
55.6363
59.2481
67.5893
72.8226
80.7113
73.3947
69.8725
51.8024
56.7112
45.8725
36.409
31.5166
30.5062
30.2419
29.977
32.8022
41.3792
47.29
58.2297
69.1367
68.405
60.0159
50.4963
51.0447
57.0674
66.7067
78.0977
73.7453
78.4263
75.3927
82.0814
56.8811
53.9839
48.2019
32.9909
31.3383
31.3347
31.4709
34.2715
30.9364
33.421
36.4954
46.503
57.6069
68.8012
80.0811
66.2285
55.8933
59.3135
54.8075
60.9427
68.1548
89.88
75.6392
64.7115
62.2824
48.4151
50.8176
35.3011
31.3422
30.7625
31.425
36.642
30.9484
33.6989
42.3376
45.7198
54.324
66.342
59.1118
57.2734
48.5537
57.2414
52.3945
60.7729
79.6602
91.3243
78.2055
62.4657
56.8655
44.0849
49.8851
38.8731
31.8721
30.6169
30.3227
30.0256
32.1763
35.3674
41.2657
50.4169
66.1697
70.2055
64.7619
76.1777
59.8917
64.4575
70.2713
81.0276
81.4
82.054
78.2088
72.5569
59.532
49.114
42.4905
34.7919
31.2808
31.3715
31.5025
31.3199
32.8812
41.3825
45.876
55.6116
67.7394
66.5502
61.6374
55.5598
57.768
67.4403
69.2653
85.3984
86.9983
89.6867
84.3377
82.5498
59.7882
43.8381
42.343
34.6316
32.9275
31.1012
30.2857
29.9874
32.1672
35.2187
41.3011
54.5747
59.6455
69.4901
61.7089
74.7898
54.9682
59.848
67.4761
84.7845
77.5414
75.4512
81.4702
76.0094
60.6133
57.122
50.9215
35.8309
32.1288
30.7933
30.3418
29.9873
32.18
35.6712
44.9726
58.1764
75.6092
74.4675
74.955
86.1843
79.8398
89.2627
89.5336
102.787
94.4527
95.2465
98.7404
93.915
66.0376
73.748
63.8576
45.833
35.4807
32.2964
30.8687
30.4959
32.4814
37.4721
44.0183
53.293
61.4878
63.158
63.9618
73.4656
63.2253
64.6998
70.1037
84.2419
85.5693
91.7832
90.1242
77.1721
55.0562
59.4164
47.9356
35.0607
31.735
32.2414
32.5892
36.9982
31.0002
33.6664
37.5907
43.1527
53.1693
67.4511
72.5978
75.9944
56.9406
75.3146
72.7182
76.7571
88.3065
112.71
96.8361
70.7853
68.2767
50.6978
44.9042
36.9119
32.24
32.2148
32.308
36.6962
30.9898
33.2952
38.4011
41.583
46.1803
69.0598
57.3854
56.9134
51.0001
55.0139
55.7758
63.7996
78.0736
93.6708
85.0373
58.9293
53.0244
43.3786
49.246
37.5124
33.5075
31.3641
30.2602
29.9663
32.3905
37.2428
43.7166
59.5521
61.8552
65.7431
60.2738
80.3615
52.31
57.6866
59.7685
74.8997
73.5877
77.1213
73.9211
72.1589
61.4447
54.3238
44.7151
39.6799
31.7868
30.5812
30.1945
29.911
32.1507
35.3325
43.3427
56.7102
72.3205
73.0891
62.2942
75.4771
55.3447
60.6545
66.9857
76.662
80.2428
88.6038
84.9257
83.5073
64.2168
50.4049
45.2066
38.239
32.9193
31.4237
32.7386
30.0972
32.2141
35.5241
46.2116
62.2794
74.0986
73.9881
71.0507
106.353
67.3617
74.1619
81.8075
94.6131
95.8943
96.8961
92.9497
80.4914
64.6763
62.9933
54.6216
35.9057
33.5945
31.5816
30.7771
30.2928
32.4644
37.6243
48.785
66.6326
74.7609
84.7796
79.5931
80.0082
70.5894
76.3294
83.201
94.249
90.5668
92.2189
88.9349
88.8653
64.1867
56.9686
46.0057
34.6927
33.9254
32.8584
33.8885
31.4324
32.4456
37.4783
44.6094
58.3599
74.3436
84.2817
71.854
72.5683
60.5364
67.255
78.5818
87.4083
84.4227
86.078
81.2514
87.5542
67.1897
63.6666
57.4431
35.4567
32.8318
32.0816
32.1492
36.7774
31.0204
33.5221
37.4115
44.8704
50.557
73.9018
71.7826
71.8565
64.8817
73.4264
72.0841
76.4791
89.3652
109.285
99.6955
76.06
73.4101
55.1653
60.2952
44.0842
33.1782
32.8236
32.475
34.7887
31.032
34.0525
46.4219
55.4189
59.5397
64.1347
74.5475
63.7952
61.5162
75.9894
72.155
75.5462
82.3467
92.3777
87.8232
69.3124
67.5754
51.5158
57.728
41.1828
33.3744
31.4232
30.7238
30.2801
32.2417
35.5482
44.1219
52.7419
70.7807
80.7501
64.2694
76.8137
67.5912
71.9035
76.813
88.2589
88.0956
93.0196
82.7499
79.0687
68.1499
63.1177
54.3201
37.7562
33.8499
31.5377
30.7358
30.4006
32.9082
41.8968
52.4916
69.047
70.9922
67.0578
66.6568
72.8595
64.1866
67.2528
67.6372
77.4645
79.0003
81.9855
79.3655
75.4896
49.7094
42.6608
42.3518
33.0513
31.5205
32.9076
35.18
32.8289
32.9585
35.5908
44.6561
58.0854
72.6721
77.6948
64.1708
71.7745
56.1135
60.28
66.1492
77.137
78.0452
85.4622
86.6072
78.3128
64.037
56.2594
48.4066
38.8466
32.6148
33.1563
32.9575
32.7784
32.4516
37.4549
44.4371
56.1032
64.8325
74.4001
64.0798
62.1431
63.9863
63.1166
74.9641
83.7998
84.9437
94.3891
86.3552
85.1168
68.0179
60.4635
52.7023
37.4879
35.5138
33.3852
33.9383
30.9858
32.5244
38.6269
49.5381
69.7553
80.6339
88.0673
87.8038
91.8673
84.3076
91.4271
96.7123
109.666
112.291
114.067
105.355
92.7671
79.2823
83.6696
65.8707
46.3518
39.3851
37.3685
36.3476
38.4372
34.4795
42.9222
53.0369
62.4831
71.9618
104.283
111.646
117.659
100.625
101.986
102.118
112.19
116.577
146.528
109.082
81.7133
73.5081
64.136
54.0532
47.0799
41.4364
39.3631
39.0042
46.47
35.7346
43.8877
56.438
65.6919
81.8804
98.1246
93.4318
98.4163
100.955
116.308
103.71
109.065
112.496
122.046
113.55
101.892
98.717
68.4404
68.6226
47.6638
42.5062
40.6985
39.0649
37.7522
39.6473
52.2014
64.2629
81.1387
90.4104
108.636
108.871
121.452
111.653
114.672
119.002
129.763
125.597
127.765
112.414
99.5599
88.0518
79.93
70.8734
53.313
46.1337
42.4925
40.3508
38.6994
41.1042
48.8942
70.6801
104.575
125.33
129.596
126.791
132.406
108.818
107.722
106.1
116.833
107.343
106.613
106.973
114.403
82.5018
82.0257
67.0813
45.9709
40.826
37.2414
34.6768
33.0901
33.0885
40.0536
55.1855
76.2955
85.5787
93.0231
89.2607
95.5621
94.4799
104.353
112.517
131.05
119.525
121.25
113.806
103.901
83.9096
70.1299
59.1366
46.1753
40.6589
37.3957
35.077
33.7058
33.739
42.1356
55.9602
67.1789
83.4767
97.5022
94.4169
92.389
94.6566
102.971
108.303
124.451
120.237
115.785
114.678
117.272
83.9183
71.9122
57.4524
44.6077
40.6635
37.7423
35.9451
34.1075
32.7393
40.6932
52.6275
70.066
105.725
110.479
135.142
117.156
110.385
107.568
108.031
121.549
117.202
106.531
97.5253
76.5322
68.4379
56.2584
51.1912
43.7645
40.9597
40.8361
41.0212
47.9249
37.3021
44.6672
55.7879
64.6808
83.3728
124.479
116.727
106.302
100.524
110.051
99.0388
97.306
103.042
120.171
107.96
78.5137
69.4939
64.5001
65.5949
49.9272
41.5381
40.4014
39.3986
41.3464
38.8198
45.2063
57.699
69.3765
83.32
86.7744
104.796
105.553
101.1
106.208
96.5007
98.3398
107.859
120.849
113.666
90.8332
83.5671
65.1984
62.6506
51.2712
45.1644
41.314
38.5698
37.5642
41.4476
55.6253
70.1517
89.8528
99.9752
109.765
105.453
125.456
104.985
108.721
107.393
119.234
122.717
114.755
107.062
92.9013
80.2833
67.0843
61.8849
49.7998
43.0614
40.6496
38.9699
37.4876
41.0645
50.9144
62.5934
79.6359
91.8194
109.596
96.1269
100.965
95.7888
101.956
108.193
116.448
114.995
119.756
108.787
97.507
89.5847
76.8964
57.9071
45.1139
41.689
40.3964
40.8878
37.4995
38.6373
47.8688
63.609
86.0795
92.7689
99.7057
107.045
119.188
96.2579
104.478
100.658
108.851
110.958
111.546
103.556
93.7612
71.9439
67.275
62.9088
54.1008
39.1677
36.6278
35.2156
34.2011
34.404
41.5674
58.377
70.2164
92.9339
89.1399
93.637
94.3752
93.8087
97.4566
99.3599
105.929
108.866
116.346
104.59
94.9256
73.4305
60.8428
52.1705
44.7787
37.1761
35.0301
35.7574
32.5531
33.3407
41.4349
49.5316
68.6286
76.8858
90.4973
84.6232
94.2791
88.3779
90.3589
93.4665
107.319
105.695
105.954
96.8265
90.7221
69.7463
64.8407
50.8952
41.2299
34.6353
34.6763
34.0394
32.5776
31.7672
34.6181
38.8973
43.4719
52.3818
70.6253
80.5107
69.6413
71.155
84.1334
78.2097
80.7489
97.432
104.274
88.3248
68.4976
64.8669
52.7875
55.4633
38.657
33.8799
34.1583
35.3113
43.5213
31.6132
34.4384
40.9177
43.6971
60.2929
89.3877
78.9727
66.8543
67.0997
76.316
77.2519
79.0313
84.0968
93.4762
90.5909
76.1185
72.6439
45.8932
52.1234
40.2456
33.6826
32.9867
34.722
32.0072
32.8455
36.4808
48.4608
67.9753
73.8955
82.3338
76.7686
67.9226
62.7683
70.5439
79.3857
95.0113
90.373
89.4907
87.6703
78.8976
63.4074
58.0315
52.4411
47.9614
33.2531
32.6081
34.5213
31.8362
33.1587
38.6684
49.427
62.4437
65.3438
76.3287
68.0508
68.6308
59.2466
68.4955
73.86
91.5713
85.176
83.5435
81.7456
77.4431
58.9566
60.0894
52.3446
39.4048
33.688
32.5129
32.0805
31.6881
33.2514
40.5229
50.7097
75.0471
74.6763
73.2487
69.576
89.3514
66.077
68.7843
74.6698
82.4307
87.5692
89.8369
88.2454
89.3154
69.7902
53.9157
45.7285
36.4927
32.6833
31.8457
33.6108
31.1062
33.4737
42.0138
48.575
69.7998
66.4376
69.6996
73.7467
74.7373
55.2927
60.7147
72.8002
83.4891
87.4915
94.415
88.9562
81.3486
64.5561
59.798
47.7934
35.4698
33.077
31.6844
31.2772
30.852
33.4918
35.9289
43.5478
57.3381
63.5408
71.497
69.4792
84.7032
74.4704
80.9125
86.9549
99.8615
102.077
103.514
96.0329
94.9302
71.2857
60.9575
59.2128
46.9709
35.4034
34.6331
33.1332
31.3428
32.8704
35.6891
46.3531
58.5438
65.8196
86.2514
95.1294
99.8955
88.9227
95.4856
95.9186
97.4505
107.212
124.961
99.1106
76.8402
69.1227
62.6336
65.989
45.7145
37.7716
35.6672
34.4521
34.7906
33.9908
38.4561
50.3114
58.7624
64.5574
79.6728
98.1802
87.4673
87.4259
97.8319
92.3538
92.3915
103.244
118.151
111.462
84.5066
79.4811
61.9571
62.8764
45.547
37.7721
34.6791
32.934
31.7203
34.3638
37.6311
54.43
81.5683
81.1334
88.2969
97.119
89.8489
81.709
89.9794
96.4463
103.96
103.097
107.696
96.6588
90.6292
70.6569
67.1067
54.2033
38.5354
36.4831
34.5913
33.2031
32.5188
34.2867
38.1616
45.6379
54.9626
62.7767
74.4843
68.3361
69.3614
72.3361
77.2906
89.6615
103.678
96.9845
99.8874
94.0801
83.6795
67.9089
60.4134
50.8945
38.7337
33.4009
33.7135
33.8452
33.7479
34.3897
38.6301
50.3028
57.5498
70.3858
80.5087
68.7683
94.514
68.0088
78.9846
87.2998
102.225
101.055
102.849
94.7586
75.764
69.2921
60.7759
56.3847
41.8185
33.8872
31.9985
31.4151
31.0706
34.4147
40.0166
47.2163
64.4077
72.2466
82.7027
73.087
74.1149
76.0226
85.0819
90.9776
99.1332
104.411
100.464
96.2404
90.8214
66.5004
61.3194
51.597
43.5901
35.6153
33.2787
32.1301
31.4762
34.7956
40.6706
49.1397
67.7216
76.4879
79.4594
79.4796
89.2132
89.1962
89.6436
94.7992
104.327
104.784
105.034
105.403
107.146
72.3503
74.1673
62.1261
46.7787
37.3934
37.8298
36.2954
35.3431
34.6852
39.9711
51.1604
58.4556
67.3181
95.8064
101.145
89.3971
88.8084
91.5672
87.4499
90.1108
99.5201
110.475
102.295
82.4792
78.5046
62.0183
57.9592
47.9055
39.0352
37.6461
35.8533
33.4703
34.7746
40.1659
53.3524
62.5684
66.4675
76.4177
82.8463
95.3297
80.4725
85.3846
83.7684
85.7043
93.4374
109.634
93.1481
76.6735
72.0979
51.7744
48.6447
39.9314
34.4852
33.6414
33.2906
32.9283
35.1328
40.0492
44.6181
58.1215
68.2712
76.24
71.8395
77.1115
73.6266
72.9257
81.5287
92.951
93.2511
91.2735
91.2078
92.164
63.3805
59.8326
57.5114
40.7996
34.697
32.5893
31.6475
31.1292
34.1059
37.9064
44.0266
63.8201
76.3639
77.4286
73.7618
93.1517
72.7021
79.3737
84.7749
92.8948
97.6367
98.119
97.3181
102.206
64.6575
55.5891
47.4202
44.3975
34.7713
33.2944
34.4478
31.5641
34.5429
37.0045
52.0476
68.5344
65.3107
70.0957
70.2191
69.9943
71.1642
75.7135
86.3079
95.1119
100.177
93.2116
91.8687
96.5379
61.5807
57.7552
52.0843
39.2604
36.2361
36.7406
35.8839
35.5228
34.7759
39.1205
53.9662
71.1351
68.6933
75.8646
77.5073
96.9655
80.5666
89.0447
89.871
96.5315
93.2558
97.933
90.8294
87.7882
69.8346
65.6771
56.2099
42.3153
36.752
34.6295
33.7558
33.2051
36.214
36.3224
45.1844
65.3398
70.9597
69.1458
67.5841
76.1165
66.6166
79.3624
91.3391
105.956
108.236
108.947
105.914
103.315
77.4105
75.4433
63.387
41.2515
38.1301
36.5954
36.2052
41.6996
34.004
35.8388
45.7804
54.6854
71.1988
103.179
102.824
92.5001
87.641
101.124
98.6837
105.555
110.119
124.231
104.658
86.495
78.7433
59.7245
53.1148
44.2269
38.6495
37.7759
36.1116
35.8599
35.3205
37.8451
49.3149
59.7587
66.8182
88.7511
103.804
104.974
93.3693
112.635
99.3901
100.987
106.878
115.468
109.965
94.9854
93.7295
59.869
58.9071
44.8889
37.1176
35.0689
34.1758
33.1905
36.3102
39.8534
48.7497
75.9222
88.4846
93.5326
91.9821
107.758
92.5774
97.1772
111.396
124.41
117.301
115.519
108.659
94.3157
80.9921
68.3921
55.4404
49.053
41.1583
38.5739
37.3646
36.6724
40.5285
48.1899
63.3625
84.5057
93.8102
97.1988
100.884
120.95
102.054
105.531
108.191
112.238
110.589
111.933
108.519
100.842
78.1734
73.8608
62.617
46.1346
41.4791
38.2353
36.699
35.5244
38.8687
47.0449
59.1107
77.6877
92.0289
98.4265
98.0208
119.258
96.4694
98.2154
104.831
113.815
113.879
113.569
104.549
98.4403
82.0623
67.7713
66.62
49.5491
41.2027
38.1836
36.549
35.1892
37.6597
42.4789
54.4624
70.3728
88.297
88.229
92.7067
94.081
98.0201
106.121
112.841
117.816
111.297
110.801
111.778
108.31
82.0085
79.23
60.0525
49.9364
42.4542
39.2016
37.0907
35.6711
38.6334
44.8333
56.86
71.4702
88.124
101.496
99.3858
103.228
96.857
103.855
113.724
124.329
114.231
113.884
109.04
104.16
80.652
72.2768
60.0243
50.1777
42.3916
41.2844
39.5988
38.9827
38.4026
45.1381
60.2608
70.2603
79.2946
94.7511
109.759
96.1339
91.5207
107.184
98.0874
102.998
110.369
112.851
109.026
85.2977
81.4767
65.2972
67.0257
45.3328
39.6991
37.8672
37.1518
39.3178
36.4093
40.0823
51.1148
58.381
66.7419
81.0544
88.8002
95.3625
90.3833
98.4329
87.1516
88.8466
96.7402
107.9
104.546
95.3903
95.226
59.1778
56.0947
46.628
39.3323
36.5342
34.6701
33.3744
36.1719
39.2901
52.6173
71.4719
79.9511
84.3709
85.2543
89.7071
89.9592
89.9099
95.8145
103.429
103.841
106.109
99.241
98.5522
74.0703
71.6896
61.354
43.8063
37.2018
36.5593
35.662
35.1342
35.424
37.7961
50.2948
71.7686
80.7642
85.5918
89.6486
96.3207
83.9635
88.9359
98.6012
110.389
108.069
105.555
100.342
103.954
69.4093
64.999
50.2741
39.9433
37.8803
35.0366
33.3497
32.4646
35.6028
39.856
52.4475
68.0276
77.2423
88.5996
78.9471
83.7443
87.3956
95.6292
102.417
115.212
109.498
106.547
95.4161
88.214
72.7657
65.1896
52.9913
44.0568
38.5097
35.1746
33.3636
32.6355
35.9704
40.6077
48.189
77.9945
90.2299
93.5066
101.429
116.619
92.0236
97.5162
98.5198
110.347
106.982
112.451
107.814
107.301
76.2436
70.5802
61.2328
47.1931
39.7745
36.9508
35.4962
34.3469
37.3521
40.9532
53.7504
73.1468
82.1285
93.9493
93.4507
112.403
98.7598
104.846
111.834
121.595
114.326
110.98
102.918
98.236
81.7644
83.8767
63.38
46.8209
41.3419
38.8969
37.6504
38.1028
37.3656
42.213
53.3977
66.8561
77.2648
84.4138
99.6056
98.6128
91.7379
108.107
99.6091
97.8547
103.456
115.392
108.282
96.8691
96.9918
63.9788
59.6568
46.9485
39.5891
39.6631
38.5831
43.045
35.6317
37.0579
50.1054
59.2788
65.4203
87.7062
91.322
101.725
87.6519
94.8194
87.327
90.7537
101.99
118.094
95.2067
82.1712
77.9546
58.4067
59.6575
46.1624
38.2682
36.2734
36.6352
33.0436
36.0892
39.3939
48.2162
67.3345
78.3732
96.947
92.9598
111.934
86.0506
90.6361
97.3948
107.956
110.628
117.847
102.49
95.3389
75.6398
76.2257
52.6106
44.9572
38.2973
37.1663
38.0683
34.7819
36.294
38.6614
51.7667
63.4517
79.9011
87.9359
86.1204
107.564
86.104
93.8468
104.043
115.948
100.243
103.688
99.8103
94.4558
69.1993
70.5948
66.2907
40.1632
37.3368
34.6822
33.5673
32.6899
35.7803
39.364
48.2265
62.9406
73.8833
97.2273
88.5107
78.773
82.4471
92.0619
99.7786
114.581
104.493
97.6293
89.5684
85.2155
70.5828
60.2872
51.6097
42.1958
36.3105
33.9583
32.8858
32.1316
35.1511
38.4353
45.9397
63.3436
65.4387
73.9558
81.3091
84.0968
77.0289
83.8544
94.6051
99.6436
97.676
100.491
92.8727
92.7038
66.4348
63.75
50.8234
43.6484
37.1785
34.8378
33.478
32.5575
35.3808
37.0387
49.1145
70.2423
91.902
91.5413
85.5937
94.3067
85.8262
89.0739
92.8426
106.794
109.796
102.218
98.4855
88.7798
76.5244
59.3803
55.4204
46.5297
36.2126
35.1851
34.3993
34.774
34.2148
36.0165
47.8377
57.8223
66.3386
65.5679
82.8391
89.4418
76.6973
85.5367
85.1841
89.7599
100.61
116.538
92.2043
85.716
82.3356
58.3346
59.5474
42.4613
37.0786
36.4549
36.6206
44.2738
34.5265
36.1992
51.0902
57.9471
69.9907
89.7551
80.566
90.6225
85.2001
99.4586
95.9439
101.411
104.063
116.307
105.782
81.4217
74.2332
60.2818
59.9716
49.7172
39.2774
37.3956
35.8653
34.7971
36.6355
40.8184
53.6847
74.5943
83.6945
97.8216
102.161
128.312
104.022
116.349
117.905
127.605
125.655
125.541
111.363
108.194
85.8954
74.7803
63.5263
49.0785
42.8265
40.2427
38.6735
37.0407
40.4087
49.4178
62.8524
83.25
105.706
112.619
98.4032
115.483
101.02
106.319
111.991
120.097
116.023
112.627
107.054
98.8374
78.7483
73.0053
63.999
46.408
40.8392
39.6397
38.4354
37.4143
39.4858
46.5223
58.4362
69.0469
85.9586
101.921
100.389
110.614
97.3498
107.936
111.828
120.391
115.279
107.531
100.862
98.3581
76.5963
72.4382
67.4331
47.1782
39.3598
36.7188
35.2046
34.1117
36.7988
38.2662
53.2872
72.2907
74.1497
80.1233
82.4108
97.1966
89.9283
97.4921
103.027
111.723
109.214
113.479
103.691
99.3033
78.5129
66.8358
65.7717
50.0766
39.77
37.3262
35.7109
34.2301
37.0545
37.8734
48.4744
70.4221
76.5247
98.2768
93.848
109.511
86.3807
96.3302
106.09
114.409
112.362
106.593
98.0392
96.084
74.4509
74.2783
59.0627
41.7795
38.6466
37.5099
36.832
40.7953
35.8465
36.2469
45.649
62.6422
81.6087
103.131
108.564
123.464
112.419
124.333
111.403
110.387
108.258
114.409
108.093
90.3513
80.8882
71.3336
69.7735
52.7534
42.2285
39.6633
39.3302
42.1565
39.4529
43.9234
54.3744
57.9074
67.2417
92.8798
101.922
100.738
98.0326
107.788
95.6731
96.7963
100.977
112.582
103.221
91.4679
90.8104
66.1123
61.17
49.4036
42.5704
39.0327
37.1094
35.8323
38.9728
43.4893
57.2434
73.7596
79.3257
95.0091
97.8128
106.814
93.3895
94.3921
100.424
110.96
104.693
100.454
91.4072
85.4922
70.5098
59.5604
49.3373
42.9268
40.8308
37.0931
34.6371
33.4296
36.9146
39.9745
49.5256
70.6214
87.4516
98.8177
104.615
120.021
110.733
117.947
118.198
130.57
122.911
121.33
107.136
102.194
90.7318
76.6338
62.9651
46.8028
40.0969
37.2116
35.4121
34.289
38.2755
44.4951
51.2056
71.4279
91.6926
107.47
106.04
122.703
105.621
113.935
119.41
125.868
124.307
123.644
109.731
98.5516
82.2093
75.4593
64.3869
52.5218
42.0873
38.5796
37.1049
36.0226
39.2181
46.0581
60.4955
84.8003
104.768
119.311
117.782
128.308
112.771
116.243
118.99
125.081
122.913
121.74
118.344
112.755
83.8845
71.8257
64.4188
51.3398
43.5769
40.6944
40.0723
36.3026
40.2938
45.5563
62.7033
85.9759
111.761
119.43
114.801
129.647
114.291
118.71
119.849
124.58
124.886
120.337
108.679
104.968
86.0157
76.3826
70.878
49.0326
41.97
38.8954
38.741
41.4538
39.2221
45.395
60.1405
76.7091
89.6432
112.287
121.019
108.41
112.758
124.002
117.869
117.255
119.367
125.01
111.682
102.792
96.8505
71.7332
66.9751
48.4841
44.2509
41.6732
40.2299
39.5841
38.7795
43.4997
57.9041
63.8407
74.1496
89.8658
104.525
120.816
110.589
121.867
109.005
105.578
108.592
128.661
104.945
94.4842
90.1869
66.6282
62.0658
49.7044
41.8401
37.8092
36.5651
34.7565
36.6271
38.2504
49.6067
69.9765
88.3969
89.0853
113.8
115.909
126.827
98.5926
101.663
115.437
110.134
104.314
85.2568
73.988
69.9865
56.6319
54.01
39.222
36.8901
34.6543
33.5883
33.2863
37.0232
38.2015
48.0978
70.7927
79.563
79.0309
84.3013
85.458
88.8862
90.3198
93.6661
104.628
102.105
100.455
100.51
88.0426
66.1581
63.9889
57.4069
40.6607
34.583
34.7285
34.8748
34.5781
36.7638
38.8409
50.1487
69.2976
73.2045
82.7878
76.6913
95.5118
75.0121
80.9117
86.596
97.3711
97.7667
93.1394
89.9047
88.4
66.8414
59.7719
49.1155
38.8919
34.7907
34.9956
34.7636
34.4969
34.9339
37.911
49.4286
59.0777
59.2927
77.5858
61.954
65.2943
63.2174
72.7963
87.9078
100.12
95.5705
94.6067
89.2113
92.1644
75.6888
73.6096
57.7274
38.2211
35.1611
33.5607
33.0012
32.4354
35.6772
39.8241
50.733
72.734
74.5926
83.1285
94.3373
108.072
87.9253
94.113
99.8253
109.707
107.107
106.291
97.0622
96.2657
72.7505
69.3687
54.3385
42.9878
37.0261
35.4651
34.9487
37.4041
34.8207
36.4466
47.6136
65.3849
79.9913
82.4835
100.155
103.909
96.2484
110.206
97.611
101.061
97.0941
102.634
102.697
82.581
73.4894
61.8829
57.239
45.652
37.3582
38.4021
38.0365
44.4182
35.0259
35.9504
44.9553
53.0003
66.2351
112.255
84.6692
85.4014
86.3971
102.672
88.4011
91.0117
88.5171
85.0702
86.371
87.3658
82.1291
49.3199
48.1183
38.0512
37.0063
34.6464
33.5364
33.0981
36.8934
44.7013
47.1905
68.2026
77.3949
81.6559
68.794
73.3604
56.763
61.2852
66.5013
76.5962
77.8981
77.6586
77.2938
71.324
56.7095
61.793
49.2356
37.9051
34.5074
33.2428
32.8257
32.3531
35.4817
39.7803
48.6711
63.6728
76.0294
74.004
68.4363
89.3516
60.4284
66.1211
67.6147
73.0345
74.7757
72.608
73.2232
77.2202
60.9668
55.3709
51.6573
37.1258
33.8136
32.4522
31.9619
31.6565
34.6897
39.2633
44.4934
64.4536
73.319
76.0849
71.109
98.8253
64.1503
68.5634
75.4409
85.7701
93.8774
93.0278
90.2333
94.025
67.2462
55.5627
51.3598
37.7977
34.6092
32.6096
31.858
31.5588
34.5768
39.2851
43.5782
56.6895
66.3931
83.2519
79.34
91.4625
77.2029
84.0724
92.8559
107.041
100.498
94.5882
86.0969
82.7874
68.3926
66.7488
52.8173
37.7637
34.1997
32.5852
32.1162
31.6681
34.5851
39.6068
46.7384
61.3124
66.4211
76.5844
79.5105
101.302
76.8013
89.1973
93.6338
102.739
96.3345
91.6686
95.4893
86.649
64.9409
65.671
52.978
38.6527
33.9018
32.8486
32.393
31.605
33.1475
36.0897
43.1871
53.1523
56.3136
57.0914
72.3974
84.5219
74.8186
81.9682
72.6291
76.6138
84.8028
106.651
87.6059
69.4761
66.5282
56.0493
51.8872
39.6882
33.9608
34.3583
35.0232
44.8372
33.1508
35.4296
40.0573
43.1685
53.7622
77.2179
79.4929
63.5202
54.8716
57.202
60.6056
66.4047
73.4388
85.4773
71.0168
65.7385
67.3178
50.368
47.6562
38.1056
33.6413
32.3226
31.9611
31.5467
34.2448
37.862
48.419
63.5637
64.6769
75.9963
65.6963
66.3387
64.5008
67.3965
70.4931
82.1171
78.6058
75.6281
79.1739
85.4252
59.5829
64.6562
56.8138
40.7982
33.5443
32.5048
32.2219
31.8916
35.2953
41.1856
44.6984
53.4027
56.852
68.5198
61.007
67.5271
56.0959
59.6049
66.2323
76.8667
78.0936
77.1908
74.7182
77.2902
56.1478
51.6813
43.4524
43.5459
33.3494
32.1049
31.7663
31.4253
34.5581
41.272
45.8054
56.9698
67.1791
68.4193
64.0569
79.6799
67.2944
69.6644
75.7302
85.8482
80.9423
79.0222
81.9783
75.4055
66.3746
56.9825
51.9808
38.6368
32.9208
33.6309
34.005
33.8942
34.6041
41.5661
48.7876
59.3355
68.4454
73.204
64.7284
72.5592
63.1331
68.7808
78.9628
88.6114
90.1351
86.1373
89.5606
79.5292
62.5436
55.4183
48.6373
37.0687
36.0609
33.4113
31.9616
31.5668
34.5009
39.9967
49.2637
56.3991
71.3751
72.5013
62.8285
83.0803
72.8501
80.7757
84.7633
95.4996
94.259
90.8545
81.775
75.8356
69.1437
56.1797
46.6357
38.4878
33.9112
34.2164
34.3616
40.3988
33.2541
35.94
41.6533
51.6582
62.9237
88.9216
72.7204
86.8399
69.1481
81.6401
78.2147
80.4835
88.3311
124.252
91.0104
78.5101
79.7657
53.1915
54.0699
39.6653
33.7507
33.8287
34.0278
38.3127
33.11
35.593
42.17
46.2367
52.966
75.9398
66.0846
61.1905
68.666
83.327
79.3831
83.89
89.9179
100.709
99.3145
77.2975
72.4256
53.3172
52.4724
41.5709
34.8562
32.8783
32.0716
31.6551
34.6228
39.2827
45.3825
57.2533
70.8374
76.134
75.2124
80.3869
79.2509
86.0782
92.4757
107.267
99.3579
95.0439
97.5085
89.3035
68.817
54.594
47.3957
43.8318
34.0157
33.406
33.0907
32.8485
34.9222
41.4765
48.6282
70.472
75.209
84.2329
80.2664
103.23
72.0222
80.3282
87.9114
93.1276
89.389
85.7679
86.9315
86.0741
66.5513
54.584
46.197
35.9467
34.1984
32.6174
32.0673
31.6
34.3504
38.1854
50.7155
64.1451
72.3667
72.5208
69.3811
87.005
65.8192
71.4067
74.6105
88.3641
80.5972
75.7758
83.3464
80.3817
65.1974
64.4438
49.4928
40.2223
36.2348
35.0615
36.5314
33.6369
37.2474
42.6803
56.5622
68.6773
87.0695
113.086
114.52
121.138
117.304
126.149
131.948
142.459
133.529
122.538
114.777
108.877
88.268
74.548
63.0734
49.9303
44.5263
41.1315
38.8163
37.2921
40.2472
44.3546
56.9004
76.7027
86.2392
101.484
106.436
118.291
108.619
115.992
120.997
128
114.744
119.365
105.035
100.193
84.6505
92.7104
67.3758
46.6618
40.4705
38.0487
37.4198
41.4537
36.571
37.5569
47.6297
58.9528
68.6954
89.3035
99.8547
94.6371
94.2471
105.123
100.829
99.6675
107.202
111.695
105.819
79.4685
73.1804
60.04
58.9752
47.0009
37.6388
35.0786
34.8794
37.8795
35.3875
36.6212
41.8061
44.8338
45.0349
69.8935
73.3092
73.3112
72.8397
79.2096
78.8206
79.8619
82.2202
93.3308
79.9124
75.6875
71.8663
51.8636
59.8379
41.5838
36.6902
36.2428
35.3733
35.1099
35.8898
40.8528
49.4247
57.6007
58.9741
69.5202
61.9739
68.9008
60.6058
70.1824
85.7967
104.308
90.7292
85.9399
80.9958
83.0591
64.9449
67.2286
56.2102
43.717
35.3887
35.7794
35.6562
35.3535
36.4039
43.0769
54.3844
57.647
66.5028
78.2046
71.0532
77.1468
73.2298
82.924
81.9688
89.6963
90.5211
88.5976
84.0857
81.9212
71.0266
67.9026
61.217
42.8655
36.7299
34.6896
33.786
33.0785
36.106
38.708
46.9908
67.7451
81.1005
84.5454
82.3054
100.675
80.8634
85.6954
100.294
103.601
94.9639
89.8709
95.5161
85.6112
73.7608
64.7847
49.1169
44.7977
36.2959
34.3195
33.5054
32.9529
36.879
44.3658
47.842
57.932
56.4876
67.7247
70.7738
78.5534
66.0808
75.5947
88.0692
99.2398
90.0255
82.8
79.5629
72.2408
63.2282
58.4737
55.5869
42.1369
34.5803
33.3951
33.1786
32.9314
36.3107
39.0955
48.7358
58.0543
63.1296
73.7771
66.872
68.1455
65.4772
74.3512
81.2086
92.9159
84.6479
81.2304
84.5509
88.0537
62.5902
63.6375
53.5891
37.5064
35.5679
34.0431
35.6284
46.6634
34.9485
39.1736
45.7563
54.1627
63.9752
67.2835
66.2214
78.2933
62.179
70.6309
66.829
70.0254
75.867
91.7379
74.7097
71.6506
76.1176
46.8853
49.1752
35.9058
34.0981
33.8107
34.1734
38.8547
34.0301
37.2817
42.8582
46.1601
54.1262
64.2688
60.1317
66.9052
55.1686
57.1809
46.0477
46.0421
53.2257
74.3075
66.9819
66.986
70.8125
46.8166
51.4882
37.9252
33.51
33.5064
35.6165
33.4892
35.3538
41.4049
50.5965
71.5224
77.4849
76.8896
72.1766
98.1196
52.1754
54.7154
54.6567
64.0891
65.3846
73.4865
72.5249
77.5045
58.2978
60.1628
48.8152
45.9104
33.6116
32.478
32.2243
31.897
34.6203
38.6846
47.601
63.9207
64.0143
63.626
63.1306
70.2794
56.3368
56.0694
61.1985
72.053
71.4908
77.0414
72.0603
75.2654
60.5077
53.6026
47.75
35.4682
35.6119
33.5456
32.5509
32.1891
35.4963
42.6339
45.5448
52.716
70.9003
77.0867
76.5291
87.8803
74.5696
82.0034
87.0699
96.5004
96.6507
95.5635
90.4954
93.7069
71.4146
58.7005
53.0093
44.3884
37.8303
35.1626
33.721
33.0926
36.4012
42.4472
49.5651
65.8789
83.0929
94.6128
85.9171
88.2291
89.5341
96.7774
100.502
108.593
99.6433
94.6149
94.4675
96.2319
73.12
63.9702
51.9501
44.0476
37.3161
34.5958
33.67
33.0028
37.1252
48.3741
48.8772
62.5908
78.1347
82.251
84.6265
105.546
89.9334
97.0865
103.124
106.72
101.248
97.1507
92.3676
86.9709
73.0603
72.4599
63.994
42.4918
37.0221
35.6531
35.4613
38.0115
35.5055
39.7365
46.1109
56.9682
63.6039
85.194
116.539
99.0887
103.665
111.134
101.915
100.201
102.873
113.248
101.477
93.4305
95.7839
68.2867
65.5318
46.4412
41.241
41.1997
40.0532
42.817
38.3061
42.1264
46.5551
48.6784
63.4141
84.7166
75.7165
78.3537
74.3544
82.8711
75.5539
76.8213
79.5576
87.8413
95.2377
88.5946
94.1494
56.1222
50.9504
45.7311
36.0412
34.1437
33.4075
32.8526
35.886
40.9777
53.8256
71.3624
83.9755
84.3014
80.7292
93.4503
79.5196
87.6904
90.2038
100.659
102.996
89.6187
86.4519
77.5878
66.7566
65.9568
52.6667
43.2705
34.927
33.9647
33.8224
33.3267
37.0052
43.4408
47.3908
62.3177
65.5797
77.9523
62.2989
73.1511
56.5283
64.6642
71.7572
79.488
74.4907
78.598
78.9205
76.0605
62.371
58.5488
46.9706
39.3835
35.6725
34.1719
33.6048
33.1169
37.2426
46.7923
45.6404
61.3179
68.645
72.149
70.1201
76.8365
60.4002
61.4026
63.8772
74.3961
72.3988
73.3278
79.2917
87.5784
64.078
58.4141
54.5302
40.1537
34.3449
33.6242
35.4269
32.7326
36.0736
42.2734
46.5772
52.1051
64.7667
73.2176
61.3832
66.5867
60.8241
65.0993
64.8873
70.4766
67.3494
75.8694
72.1166
69.4325
59.3143
54.9599
48.62
37.2811
34.0192
33.6749
33.6506
33.4512
35.2864
41.1391
48.6427
61.6036
69.2029
78.6467
73.6201
76.6018
58.6588
59.3481
61.0789
67.8291
66.2777
72.2541
70.2843
70.4599
55.3032
54.1671
46.1774
40.9656
33.3506
34.1467
33.8097
34.0835
33.526
37.6429
48.289
51.0037
58.9832
62.082
73.6862
64.2493
52.095
60.5686
50.6187
51.8199
63.9938
78.6763
67.7588
59.8074
60.8832
46.8684
46.9851
36.0208
33.3128
33.5322
33.8832
38.3912
33.4593
37.0606
45.0708
48.7442
46.9874
64.7866
57.3983
55.4497
53.1341
57.7052
54.0446
54.7437
60.5476
69.7633
68.9962
66.4019
64.8616
49.8094
55.143
39.9682
35.264
34.8081
34.5501
34.095
36.1273
42.4297
51.1823
68.2267
64.4757
71.4292
73.3631
75.7904
70.8206
70.1235
75.2545
82.7422
84.5028
78.8102
78.1176
73.0978
68.8604
52.3795
45.9889
38.8207
35.0391
33.3131
32.7905
32.3409
35.4112
40.8169
45.4529
59.7683
75.0932
86.2951
86.6395
84.8411
73.2626
82.5837
92.3032
101.782
92.979
85.9671
86.2698
93.936
69.9016
64.7605
52.8688
43.1049
37.1238
34.2512
32.9042
32.404
35.2274
39.0091
45.1644
61.1506
64.5718
77.6358
77.5116
90.3085
77.9185
83.7872
85.2069
90.5598
86.9187
83.327
84.5536
93.8547
68.0004
62.0837
51.1401
36.8225
34.5613
33.2789
34.8114
32.2588
35.0992
39.4402
50.4776
69.3263
76.8594
79.2799
72.688
83.0544
72.6785
75.6456
78.7304
89.5391
84.7355
88.3275
90.6427
92.6368
62.6059
53.5826
49.4932
43.5929
33.7261
33.6193
33.6771
33.423
35.6505
45.0979
52.0937
60.8607
68.5789
78.1771
72.4532
71.0963
63.8673
76.6793
75.8922
84.0969
79.8617
74.2312
79.6341
81.2783
59.4714
56.1828
55.5024
40.0711
33.7517
32.5401
33.5839
40.9417
33.7159
37.0558
42.4012
48.4463
58.4906
82.9928
69.2366
73.2728
68.8256
78.7574
64.3295
65.2029
68.6091
86.7912
84.3952
77.299
72.9785
49.7549
52.0037
39.4381
34.3485
33.5548
33.4498
33.6151
34.8933
34.4459
37.1999
41.471
45.975
49.5589
67.9411
85.89
64.5944
69.8595
79.0792
70.3009
67.3035
67.0011
72.2277
82.7806
72.592
67.5936
47.3806
52.3731
44.7792
35.0515
33.536
33.026
32.6661
35.8969
41.278
46.2178
55.8176
65.1034
71.9181
57.3356
66.0133
63.259
64.6333
67.6602
73.8867
69.7852
74.049
70.7871
72.1387
58.889
58.9714
56.7595
39.5404
33.9094
32.9955
32.9725
32.6248
35.8779
41.238
46.0143
58.3585
68.4051
81.8316
69.2702
72.7453
54.3328
56.678
61.336
68.3195
70.7667
68.0688
68.3962
70.7082
60.1115
51.0161
46.5173
42.9932
33.6305
32.7709
32.7804
32.4624
35.6948
41.7042
51.0648
66.7435
74.7093
69.1089
63.783
65.0287
53.6986
55.9212
60.581
66.0677
64.9021
69.8151
74.2424
80.5009
56.9141
54.0988
45.4985
35.1757
36.2225
35.5582
37.5272
35.7523
39.7572
44.394
46.9068
56.2941
54.5522
65.8462
62.9331
55.4187
56.8051
53.8039
58.707
66.7297
66.965
69.3157
74.5674
74.7612
59.5828
49.6179
49.0047
37.3662
34.1817
34.1981
34.0434
34.4199
38.0733
42.5635
46.8204
56.0716
59.9371
64.7898
61.1534
76.0797
50.3705
53.817
57.8599
65.8507
65.7858
68.7413
73.6122
71.7922
58.22
51.7215
41.8971
36.9298
33.6724
33.4639
33.9902
38.8491
34.5893
38.5539
43.6689
50.4747
52.382
64.3579
70.2379
65.1725
55.7731
57.8203
54.5265
55.2954
63.4273
82.412
70.2913
61.5504
61.5477
48.4718
53.3505
37.507
33.6699
34.3254
34.3171
36.5978
34.0145
37.4742
44.3835
49.4139
47.918
63.6351
70.5482
64.3465
51.9239
61.7992
52.4651
51.8637
59.8004
75.547
67.3314
62.1971
62.6517
47.9458
46.9325
36.2209
33.4298
32.5594
32.7733
32.6427
36.1423
43.6092
46.7413
56.7467
60.3114
64.9103
61.7409
65.5234
52.8642
51.4212
53.9882
62.3995
69.0653
72.2165
67.9404
73.8919
56.6669
53.6439
52.1837
45.9501
33.4262
32.5542
32.7421
32.643
35.8584
39.9076
48.5415
56.3721
66.5965
77.4708
62.2025
61.9795
50.0197
53.7364
55.384
63.826
63.6174
67.0704
68.9882
75.053
64.0223
57.3978
60.2241
36.7476
33.7226
33.0181
33.6555
33.9997
37.5949
41.7869
45.9687
58.0294
88.9209
74.1636
63.4517
72.7376
77.9396
61.6284
55.4866
59.827
66.6787
79.681
64.7018
63.4742
57.3968
50.3761
45.4152
36.7862
37.9017
37.8789
38.7214
39.5229
43.4491
46.1477
53.2807
58.8629
68.0512
72.3069
60.418
64.3319
52.8036
58.2802
55.6286
63.41
65.7696
70.1584
72.3818
72.2869
63.2999
55.368
54.3557
37.4747
35.3472
35.1734
36.1613
36.6701
40.4487
44.3161
50.6186
57.5502
68.4924
71.3455
62.0888
82.2781
57.8457
66.1885
65.8568
80.6006
68.3155
70.5648
72.6873
78.257
57.7206
50.5147
46.1105
39.7669
35.0416
34.828
35.3627
41.1087
37.0717
40.6102
44.3975
50.5221
62.113
72.5291
74.4583
75.9105
56.3416
60.2142
54.9759
54.2794
60.1143
80.9046
66.288
65.2657
67.8773
55.8233
47.5099
36.5433
33.7835
33.5715
33.3086
32.3367
34.082
37.5512
46.5861
50.4426
58.6878
62.9274
75.6452
71.1537
60.7282
68.3638
63.2374
59.9286
63.7294
80.0268
80.1359
61.6393
54.8474
49.4478
61.6716
43.3226
34.2979
33.1541
32.9087
32.5681
36.0171
43.5715
50.6342
62.7618
71.306
82.014
64.598
64.0322
61.8218
64.8789
70.5033
75.2135
72.1556
74.9938
77.3999
73.7725
63.3445
54.9462
51.208
39.2943
34.701
33.2678
32.8828
33.8024
37.1523
41.6042
44.939
58.2208
66.8845
70.7109
62.7153
86.7512
63.8703
64.5234
67.8097
70.4483
75.8634
77.357
78.8938
80.9924
65.3058
54.1848
44.7143
39.3587
33.7488
32.839
32.8202
32.4922
35.6743
41.8789
52.647
61.0823
73.7658
68.5587
63.0162
82.715
63.2899
68.7115
66.947
71.4991
72.6435
79.2188
77.7001
67.9799
57.4039
64.6841
52.6501
37.6566
33.7604
32.82
34.1039
34.0605
38.389
42.3357
50.9842
63.1123
69.163
74.3191
68.6489
74.8178
59.8605
67.673
64.1462
68.2722
69.477
73.2818
76.0721
74.4773
57.5273
57.0857
50.3195
37.5707
34.2318
33.0337
32.767
33.6007
37.571
45.7121
50.4409
65.3517
67.3812
64.2081
70.9261
75.6485
62.6244
67.6849
68.1952
72.9076
70.9361
77.5985
76.62
75.9455
60.1763
58.6963
45.9171
37.7201
33.8629
33.2376
33.9195
40.2552
35.6554
39.8998
43.3769
48.2759
51.9893
69.4692
84.33
67.5982
62.7636
67.6831
58.2893
57.4731
70.0811
86.1339
71.5845
59.6884
58.6304
50.1152
47.3424
35.5294
33.8467
33.1668
35.6464
44.656
34.2075
38.1506
45.6567
50.5014
54.8677
71.8336
62.7449
63.9926
54.8415
66.9115
57.8398
56.7766
62.4971
70.3884
70.5707
67.6548
68.3502
47.4787
47.922
36.4984
36.5058
34.6722
32.7521
32.4226
35.8141
44.0057
49.9898
59.8115
60.1673
70.0295
61.7573
62.4025
55.0213
52.6589
54.8127
63.5342
65.8117
69.9241
65.4812
69.0766
56.645
58.234
47.8852
41.1991
35.0454
33.5321
34.4867
35.2471
39.4496
43.6059
51.1921
61.1982
57.8801
64.5026
59.0241
62.0276
57.8792
54.0968
62.3107
71.5358
68.743
70.7369
69.0025
72.0166
60.7943
54.6858
48.4294
37.5842
34.8382
33.9614
34.8011
35.7562
39.3875
43.6712
51.4886
67.3481
78.213
77.2063
68.8991
67.4693
55.9507
53.9538
58.9254
77.2645
68.7442
74.9695
73.9077
76.3904
56.5216
49.1546
46.4591
43.3679
35.7574
32.5192
32.5325
32.2395
34.5024
39.2515
45.76
56.2652
91.329
82.5372
74.0181
66.7864
56.1854
52.0624
53.6405
57.8402
75.2656
89.0431
58.736
55.0196
57.2445
55.4416
49.9039
35.5535
35.5576
33.7043
34.403
34.0929
36.1392
39.9035
46.39
56.2736
65.1661
97.2708
68.6393
72.5821
77.379
63.4374
50.1652
67.8457
74.6682
74.5021
75.8591
61.7523
63.0037
54.2105
51.9942
40.9309
40.4107
42.7896
43.7535
44.8279
45.3888
47.6447
48.4757
48.3671
56.6927
75.4088
76.9002
69.5592
54.8466
65.3493
50.823
51.1539
63.2326
73.5395
76.6438
60.0936
58.2928
51.0677
65.1546
58.9422
45.3466
46.2458
48.7156
54.559
53.392
54.2592
52.1578
47.7932
53.2343
65.153
69.261
63.2787
50.0381
54.5151
45.7582
47.1496
54.6441
71.982
67.3454
68.1273
72.8615
49.3076
50.8196
43.8195
42.0446
43.5841
44.7025
45.0168
49.8462
57.0889
57.9373
62.1785
70.0404
75.883
57.8463
69.6666
51.5778
56.1591
57.7714
65.7123
69.5035
73.2643
69.1327
66.4256
65.8781
69.9182
47.1016
45.3738
42.6057
44.3976
46.2246
49.0368
52.7756
60.3597
60.29
62.6495
59.9962
67.6999
62.0647
71.1574
51.2213
52.0489
56.0884
64.3951
65.7283
74.9288
78.2808
81.6512
59.8139
56.5776
51.7396
46.5313
45.1153
47.2963
51.3418
50.3036
54.3435
59.9691
58.8945
67.7842
65.9926
69.8271
60.4068
83.9666
51.7212
53.736
55.5027
66.117
71.0127
74.4161
73.6656
66.4294
59.5324
60.0941
52.4969
43.643
39.5398
40.8799
40.5083
39.5496
44.0028
53.7591
52.7717
63.0906
64.5304
65.709
61.2709
70.9134
52.9858
53.5161
54.4075
65.3881
67.8342
68.783
77.6572
73.7132
65.9627
59.192
51.9471
39.3124
42.4824
43.8487
45.4669
47.3626
51.7169
59.3312
60.4269
73.071
75.5677
76.6191
70.8914
71.885
50.1103
52.0336
58.6268
67.3496
65.9074
72.5254
73.908
78.8122
59.5893
64.5135
57.5723
41.6711
40.5127
40.8969
42.0768
45.9975
43.2803
45.5817
51.0173
54.5266
57.4122
74.967
66.3923
73.0593
52.4624
57.0812
55.9563
61.2706
71.4564
82.4568
76.2242
76.4274
81.6169
65.4786
79.1107
57.6174
53.7278
54.6816
56.8612
61.677
58.1735
60.3481
68.4859
70.362
66.1902
61.8514
62.3926
63.9997
55.1341
62.1532
54.1085
58.4049
62.9435
84.0816
81.7008
81.0693
83.9447
62.3043
68.8069
57.9423
58.3536
59.8461
60.1322
60.8636
61.4246
63.0805
71.0699
77.593
72.5267
69.8163
67.5353
75.0651
53.417
54.5653
58.0924
66.884
66.3244
68.9515
73.2146
76.538
65.1289
66.9357
54.1053
49.5987
43.0691
42.1732
42.0381
42.0115
44.7646
51.3705
55.3102
67.1664
73.732
71.909
63.6775
59.5594
54.1836
53.7012
58.3987
69.089
64.8543
72.6251
72.6774
72.0895
61.5446
57.5612
47.1371
39.4876
38.659
39.4918
41.7608
38.3135
39.454
43.1219
49.575
56.6345
59.4866
67.4862
59.4714
70.6036
53.9071
54.6182
56.1243
64.5401
66.1841
72.6054
67.9503
72.7675
61.0474
55.7499
45.6427
40.1297
37.7035
37.4708
39.5444
37.0692
39.1925
48.3479
50.6852
62.7461
72.1252
74.403
65.3451
81.7168
57.8321
61.0703
60.9611
74.6116
69.2966
82.3757
75.4082
75.502
62.4039
57.7434
48.1302
36.2561
34.3333
35.0189
36.5762
37.744
39.6846
46.4252
52.4069
58.0051
61.4133
66.8917
54.2614
54.3835
57.8664
59.3741
65.061
71.1983
72.9837
70.5887
69.0733
79.0347
67.8952
54.5816
54.971
40.092
35.3262
37.2741
39.5556
42.7046
40.3393
43.9391
45.9345
50.0681
53.8002
69.577
60.308
64.7582
54.6237
60.0461
52.0904
51.652
56.3804
71.1589
65.74
62.3082
63.5476
50.0312
54.8382
39.6203
35.031
35.6318
36.2189
37.3707
37.108
40.5955
47.4711
52.0236
48.9434
57.8247
73.2063
64.1475
53.3174
65.4265
57.5038
58.6616
61.5158
74.9911
72.9952
64.7258
68.0431
48.7779
44.1405
42.0161
39.0102
38.8482
39.8494
40.7677
42.839
47.7315
51.7841
69.0211
73.333
72.8662
64.7326
90.1882
55.4076
58.9632
61.2714
70.319
67.4551
70.1024
71.785
77.9862
59.8885
54.5759
47.2774
42.0614
36.2087
36.8922
38.7102
38.6365
40.6959
46.2783
48.6448
57.3651
61.1986
62.1069
62.6002
77.3011
56.8266
55.0611
58.9191
67.6665
69.1244
77.3808
76.1461
78.6929
60.901
61.252
56.6781
39.6119
34.5538
34.2169
34.2733
34.063
35.8967
39.8606
48.2344
59.0727
62.9311
68.0392
63.2199
78.3692
56.0246
54.6757
56.5077
68.8719
67.4642
74.8269
68.5036
74.036
59.8511
58.7202
46.4316
41.7131
34.4902
34.267
35.5385
37.175
41.0208
44.6413
51.3001
61.4885
61.3678
71.456
68.4843
68.9062
53.733
59.2875
56.4184
66.1054
68.9975
74.4879
72.5989
78.3129
60.2395
55.226
49.5513
38.7313
33.8144
32.927
33.0033
35.2965
38.5559
41.2547
45.9865
55.6336
75.1934
84.5169
57.4563
62.6014
53.6441
55.4773
60.7449
73.0861
64.6206
67.9514
76.7488
73.2835
61.4315
59.5577
51.2596
44.3821
34.1995
35.9979
36.0867
39.4942
38.0584
43.0446
50.8021
57.9917
65.0135
65.3836
65.8743
64.5655
56.6575
64.3483
54.0352
56.4839
59.6759
75.9035
73.5005
62.4049
62.2889
49.6584
49.5866
42.4302
36.2368
40.0161
41.6193
46.9324
44.2396
47.8061
49.154
49.5086
51.5977
74.9404
61.8653
68.0672
56.8941
58.7097
47.9832
53.5021
63.2544
73.7684
66.8511
70.1381
73.2115
48.1013
48.3324
37.233
35.0468
36.2172
36.738
37.0195
40.84
46.5063
53.0543
57.8641
68.722
79.0102
66.744
66.7206
52.4791
54.3226
59.9012
70.4965
65.6462
75.9852
69.2757
72.5558
66.9017
58.4091
52.0104
47.3602
41.3536
40.1798
35.7689
33.8879
37.3628
41.8771
50.2505
56.3707
62.6958
75.3864
62.8804
63.7601
52.5979
54.6321
55.7731
71.1282
68.8977
73.394
67.9957
65.7845
57.6185
58.4898
46.9728
48.4815
39.6796
38.1338
38.5411
38.9229
40.4365
47.8798
56.39
63.4582
63.2643
62.5855
63.0131
72.1756
54.6748
54.8743
53.7766
63.8173
64.9009
69.2004
75.7638
69.2301
56.5695
59.5239
46.5449
37.7776
38.3086
38.3941
37.4462
37.1586
38.243
42.2774
49.0822
59.11
60.7316
56.1846
58.6856
69.1745
54.8446
59.7314
61.6077
71.8234
69.4439
69.4718
70.1398
81.7954
59.4565
59.6375
54.5928
48.8575
44.6997
45.4082
47.176
48.2132
50.7675
56.1364
58.0267
62.764
83.4842
69.0561
67.513
63.6443
54.7777
54.4324
52.4409
52.4546
65.5628
74.2225
63.1574
57.9538
58.3088
54.1229
55.3111
44.4024
45.4783
47.1353
49.0006
54.911
51.0192
53.3089
54.6047
54.9034
56.7252
61.91
66.5154
59.6743
50.51
61.0464
49.8019
49.7627
56.2549
69.6198
66.7782
66.1444
71.8077
55.1812
56.5556
46.7767
42.7687
42.4158
42.2172
45.5607
43.3234
47.4279
57.0501
58.7929
64.0831
57.4999
70.9754
57.6333
49.6114
53.9542
50.6816
53.1355
58.6988
68.6685
69.2753
62.1461
62.7941
47.8703
46.8633
40.7052
36.6624
37.3476
38.0324
38.2825
38.7306
43.2964
54.8656
62.3264
71.5396
69.2703
56.3574
52.511
55.34
56.4319
60.5577
71.4296
67.2369
77.1156
69.3386
69.3376
59.4092
63.096
56.375
42.8186
37.566
37.5932
37.9252
37.9566
40.3387
48.0486
54.1912
62.8752
67.9205
74.2848
56.0907
82.4712
50.0382
50.9783
54.6879
62.4745
66.4783
68.2515
73.2518
75.959
67.5976
61.2969
59.2292
49.5576
45.239
46.1265
47.8405
48.9285
52.6697
60.04
60.064
67.6578
71.1942
77.8561
65.2638
75.6377
50.7979
53.01
57.8151
70.3722
70.9778
69.5745
76.0472
86.6086
67.2777
59.7331
64.3288
45.5552
43.2234
44.404
46.5448
43.5775
44.7853
51.6205
55.616
74.4922
75.0603
68.079
68.3615
65.8526
53.3175
54.9891
57.4724
65.1684
68.5012
71.2543
79.1779
84.2293
67.7392
79.6397
65.717

