"E+ Electric Use (kWh) - BEMCmpMgr 2022.3.1 (8583)",1
"Tue 31-Dec-24  03:56:30 pm"
"EplusElecUse",Hour
"EplusTotalKWH"
130.749
121.784
114.631
115.499
115.68
123.89
136.595
162.526
196.896
239.834
294.417
269.907
223.171
196.862
166.648
159.24
214.666
240.012
263.539
231.55
199.551
203.288
191.934
172.696
123.174
121.032
118.194
118.396
120.073
122.384
132.948
152.983
198.573
188.991
236.552
199.057
173.102
138.472
143.978
144.976
169.958
175.804
200.804
216.831
253.699
229.905
189.867
167.756
119.917
110.589
111.672
114.454
138.929
116.157
128.354
147.517
150.847
184.589
247.41
194.334
205.688
164.454
203.711
166.856
174.991
199.711
254.033
252.123
228.055
241.722
178.555
172.779
127.151
118.01
119.274
123.504
151.017
123.722
135.221
147.582
148.819
191.027
248.597
230.726
211.27
179.402
191.623
160.969
175.974
173.367
248.783
234.592
236.745
236.152
178.769
171.192
133.495
119.439
120.579
121.091
120.666
125.291
152.456
167.688
197.039
213.809
270.301
227.348
250.672
141.27
164.862
168.479
193.255
177.342
185.787
205.378
247.472
181.031
175.969
171.949
154.614
115.563
112.189
112.543
112.075
120.82
139.628
152.721
206.253
221.428
226.421
212.714
209.357
139.705
145.361
159.261
184.966
173.939
202.55
232.409
269.594
204.199
212.698
179.336
146.968
111.32
108.618
116.541
106.937
115.56
135.101
154.262
173.951
177.856
199.13
182.123
171.343
146.644
160.59
172.378
180.415
161.342
199.585
225.079
225.853
195.272
183.612
155.877
126.324
114.903
117.105
119.054
119.507
119.604
134.391
176.678
226.664
210.804
227.73
220.65
180.512
140.273
152.498
163.322
183.051
166.013
204.414
220.501
247.3
191.244
174.425
157.235
163.584
115.496
108.079
107.35
106.264
118.306
135.933
153.786
202.309
229.993
230.093
208.995
251.748
149.298
150.273
164.149
177.946
164.717
192.037
218.656
240.492
194.349
200.598
190.653
128.615
114.113
113.98
115.922
131.432
116.38
129.704
159.753
157.109
192.754
267.679
240.122
226.45
157.105
182.361
158.076
177.721
184.106
270.93
241.434
220.346
223.463
166.511
178.007
126.058
111.037
110.478
114.679
137.2
113.05
123.45
135.238
144.05
155.633
198.056
214.562
227.486
177.034
213.232
159.112
157.322
179.286
277.826
250.092
220.38
223.798
171.939
179.259
133.711
116.751
114.751
114.887
113.071
117.825
130.65
155.08
172.496
216.269
253.679
179.981
179.006
157.627
163.586
158.676
177.313
171.609
209.169
236.488
245.25
220.736
195.374
188.336
146.208
115.712
113.889
114.362
113.769
118.33
130.639
150.999
180.895
214.208
215.407
169.738
143.669
150.64
144.244
152.107
175.914
177.017
205.032
238.903
224.76
198.855
226.868
187.004
140.71
114.167
111.862
111.186
110.32
113.825
128.868
158.168
181.619
221.032
219.818
174.885
171.431
152.026
152.098
171.861
193.245
185.659
199.665
226.564
236.936
201.297
200.756
153.054
140.991
112.898
113.081
113.61
113.037
114.497
133.62
160.841
170.71
179.558
187.075
169.761
170.616
137.727
154.3
156.307
169.697
164.347
179.688
219.207
239.263
201.457
188.098
153.315
128.304
110.566
110.266
122.395
108.462
114.139
127.418
160.257
177.506
193.573
219.225
168.567
195.868
139.457
148.336
150.045
168.85
163.125
198.653
220.725
214.875
187.326
188.292
192.401
121.95
111.237
111.963
112.31
119.115
112.726
124.884
147.37
153.672
187.307
219.206
209.34
237.268
179.912
196.048
161.169
167.177
182.282
247.297
241.994
242.005
241.589
164.448
155.131
124.31
111.542
115.421
115.959
128.512
113.376
128.001
174.5
188.916
226.45
216.257
191.556
189.831
177.68
195.847
159.282
168.028
174.231
208.049
214.877
204.754
191.408
166.053
170.912
134.565
114.898
108.1
108.354
106.762
113.3
131.116
156.878
209.42
281.833
202.001
246.657
227.188
190.412
163.309
180.213
198.285
232.217
255.38
206.976
191.237
193.669
189.175
168.424
117.474
111.035
109.417
110.059
108.959
114.399
127.622
153.729
191.802
201.257
227.819
187.551
248.718
136.89
148.098
163.779
207.678
181.318
191.033
235.192
251.361
205.199
218.852
180.32
122.7
112.013
108.107
110.631
109.412
118.323
135.758
151.444
165.002
179.553
214
168.894
227.711
147.572
155.035
161.829
188.948
167.951
200.736
218.204
211.817
200.229
201.518
181.516
121.838
117.521
110.711
109.706
106.276
116.602
146.818
157.495
179.006
213.179
234.909
163.994
199.204
164.177
153.262
150.526
165.297
178.826
202.118
205.638
212.738
216.915
197.492
167.477
139.077
115.889
114.13
114.179
113.534
117.789
131.937
166.597
217.03
216.268
198.003
184.662
260.387
143.82
159.59
159.556
174.474
183.67
209.969
246.235
258.78
205.278
210.866
167.881
122.484
114.462
110.727
113.445
129.541
116.259
127.376
144.127
157.981
178.21
188.128
229.121
203.824
164.296
187.586
162.113
164.769
175.1
228.977
242.462
231.15
242.042
177.843
206.001
133.991
112.16
111.694
113.12
126.553
113.654
124.503
139.777
152.749
161.663
241.791
224.644
186.579
159.288
170.201
144.775
152.538
159.024
213.164
233.396
223.262
231.638
173.577
195.045
140.84
119.452
114.252
116.781
111.209
119.069
132.815
169.059
204.148
224.034
199.535
192.29
249.3
157.657
162.097
157.065
186.925
172.793
193.352
236.886
256.587
179.662
175.34
159.402
132.058
118.536
112.834
111.116
110.205
118.789
135.968
147.494
164.791
204.527
229.726
169.626
184.749
148.128
152.896
164.313
205.003
171.483
197.41
215.026
244.08
203.749
196.873
174.037
136.674
115.791
109.685
107.484
106.091
114.636
132.429
157.339
187.529
203.075
214.805
181.199
208.575
140.83
154.08
159.035
185.101
176.664
197.139
228.312
260.203
189.553
169.521
157.748
128.452
116.982
114.268
117.385
111.947
119.204
145.396
154.285
178.463
189.893
234.853
204.799
263.609
144.967
147.003
157.72
190.701
175.142
201.087
219.373
269.819
191.692
192.781
148.119
123.382
116.939
113.454
112.716
111.999
118.417
134.66
149.868
189.049
208.634
231.009
202.145
228.622
150.858
152.738
152.396
174.004
171.389
219.365
221.033
267.156
208.99
176.569
163.239
134.312
111.202
108.732
108.462
105.981
112.706
124.129
141.518
150.944
163.922
230.351
235.466
162.42
149.347
188.537
168.611
162.986
205.163
235.64
261.855
202.749
201.393
174.224
192.711
136.054
111.755
110.824
115.692
150.058
115.41
125.753
139.918
145.362
158.899
200.168
184.369
178.408
156.91
189.001
147.289
147.307
156.299
203.595
216.373
204.029
209.841
167.748
156.042
122.763
107.352
104.208
104.311
103.087
110.866
126.65
146.118
165.096
198.613
201.282
166.919
174.323
163.393
153.074
158.306
181.109
160.803
190.174
228.106
238.967
183.618
236.986
178.989
129.686
110.269
104.397
104.396
103.24
112.275
135.871
151.644
185.569
177.257
198.853
202.549
271.175
140.552
168.634
161.746
183.892
162.889
190.48
217.542
223.677
190.683
217.34
165.94
133.483
113.013
108.265
106.924
108.705
118.116
145.774
149.234
156.525
182.587
208.102
167.474
176.4
133.093
146.151
171.181
188.722
169.483
179.862
197.712
232.566
223.769
181.634
162.243
131.491
112.172
113.397
115.242
115.414
118.625
141.288
155.007
177.069
186.306
188.411
166.752
192.962
139.5
150.817
170.399
183.264
163.05
183.277
219.252
263.166
194.83
184.84
152.409
133.645
114.226
115.622
129.103
118.503
124.676
134.953
151.113
159.734
173.386
208.398
175.242
184.266
131.936
148.613
145.514
166.9
176.914
195.737
205.492
210.922
200.001
179.917
151.902
161.527
113.069
113.14
117.18
130.478
124.482
134.196
148.73
155.545
172.023
211.257
227.985
178.23
145.674
171.88
142.155
140.375
175.914
246.166
229.54
212.974
230.655
157.55
151.755
122.692
110.762
111.369
114.465
138.227
114.326
124.668
144.518
154.051
155.435
218.536
230.071
206.068
169.597
200.028
159.073
164.458
195.316
258.228
232.579
211.488
221.779
160.473
157.151
124.259
105.997
104.633
108.465
107.541
110.888
134.273
162.106
186.351
222.342
208.144
182.929
241.905
135.992
156.606
158.691
161.204
164.519
176.006
205.985
268.417
189.632
184.692
181.531
144.259
108.353
103.481
102.548
101.427
110.702
136.296
151.529
196.168
205.701
206.234
182.37
224.609
166.328
145.4
148.054
188.429
173.308
183.723
208.476
226.478
178.731
182.088
157.163
122.825
108.925
104.058
102.725
101.487
112.862
130.018
145.864
167.114
212.003
213.548
191.38
228.892
151.545
160.995
157.827
179.047
171.381
206.411
209.922
226.322
185.185
194.453
162.826
120.975
107.018
107.434
108.361
107.915
109.55
123.54
167.382
209.805
223.692
243.094
215.917
266.235
147.351
157.775
166.957
184.724
160.191
206.399
199.508
218.035
179.991
163.705
135.043
118.856
106.112
107.902
109.503
109.032
109.606
124.301
155.639
188.981
195.156
207.141
161.094
182.004
136.568
140.257
144.054
174.981
175.787
196.013
212.403
217.386
182.661
188.043
164.032
127.65
107.234
108.664
109.445
121.733
108.278
118.842
133.887
147.074
172.519
261.86
225.691
214.515
178.712
198.628
163.578
157.405
188.178
280.331
222.28
209.878
217.005
166.367
179.279
124.082
119.353
121.804
125.496
148.99
124.894
134.685
163.53
172.178
210.475
253.473
233.36
225.363
176.633
203.455
148.003
148.01
171.352
231.269
208.994
207.543
217.986
160.475
164.175
123.374
114.975
110.037
111.469
111.315
118.402
131.995
150.04
197.849
282.476
295.965
248.878
253.734
247.086
216.859
203.701
164.074
185.18
210.936
192.153
181.82
175.149
165.279
151.439
116.019
112.835
109.115
110.888
107.856
116.375
141.364
159.295
172.866
183.347
199.413
159.208
163.962
150.81
136.951
149.791
173.267
154.731
182.568
206.578
247.728
187.643
190.996
146.844
119.019
106.611
109.062
110.416
109.919
114.918
137.897
159.627
184.914
224.408
237.563
191.241
172.121
132.046
151.686
159.817
192.646
168.831
184.396
218.903
260.265
183.259
167.654
149.42
123.259
107.028
105.662
106.091
105.171
108.895
120.479
154.969
190.537
183.189
225.94
195.337
203.243
146.555
152.85
152.158
161.297
174.494
181.663
214.419
241.383
192.603
184.345
161.595
115.847
107.657
103.618
103.03
101.798
109.273
123.268
162.006
204.218
212.191
231.736
200.738
198.543
136.146
154.92
171.645
206.917
163.208
185.078
215.633
212.649
203.1
176.013
161.095
140.675
107.576
109.417
110.081
115.679
110.649
120.939
140.954
155.369
163.733
215.574
244.848
176.427
150.058
181.29
161.176
165.445
182.691
282.846
254.052
218.517
233.704
163.488
170.375
140.121
107.203
106.496
108.401
121.296
109.976
120.428
140.31
144.993
150.013
180.618
214.264
213.913
151.505
196.22
143.46
142.657
168.816
239.766
228.306
227.334
248.649
166.404
165.723
120.761
108.169
109.416
111.191
111.483
120.971
149.726
160.788
184.55
221.009
238.185
184.317
193.08
135.634
158.743
149.387
159.479
169.987
190.894
216.497
241.876
193.543
202.217
152.728
116.303
108.916
108.931
109.14
108.595
111.072
143.351
165.167
193.869
201.351
224.558
196.135
249.206
140.759
152.742
145.551
185.019
161.211
180.45
208.085
231.488
186.366
200.58
147.883
135.846
110.498
109.55
110.975
111.418
116.225
133.809
148.488
167.048
189.497
236.536
190.854
170.037
134.936
140.489
149.09
179.404
163.758
194.731
215.254
247.695
187.512
209.67
174.675
113.614
111.262
111.427
112.188
111.647
110.089
123.069
170.206
193.445
193.541
223.961
189.459
233.322
131.762
140.305
152.037
169.057
162.437
191.228
204.489
239.03
195.056
213.275
172.724
113.348
107.693
104.933
104.511
103.449
109.824
130.52
148.06
187.281
200.94
188.716
175.674
244.527
138.773
145.037
145.559
172.437
165.174
189.505
220.235
246.653
182.315
218.887
191.916
125.826
106.638
106.655
108.069
123.232
107.894
119.428
141.062
153.922
171.017
230.644
256.545
197.261
163.482
186.101
160.39
161.067
185.179
274.702
248.026
207.175
206.248
160.28
183.569
130.131
104.489
102.964
103.57
110.243
105.248
115.956
138.268
148.606
179.697
177.291
221.027
224.756
150.089
170.9
141.465
136.558
167.099
253.313
227.304
229.716
257.232
160.464
173.957
122.604
104.892
102.941
103.048
102.187
108.389
132.513
155.048
191.597
174.32
196.281
165.644
134.902
136.35
129.434
139.681
163.887
168.295
189.255
201.7
237.274
186.555
183.712
170.49
139.691
107.292
102.45
101.156
100.148
107.048
118.668
142.966
171.478
185.524
196.533
166.818
190.773
129.622
135.784
144.621
161.346
155.122
193.108
197.215
225.796
188.675
205.018
150.215
144.222
107.621
102.232
100.424
99.1548
106.348
117.189
137.38
180.1
202.53
219.269
195.755
231.539
134.744
137.191
160.478
182.863
149.321
190.468
213.786
247.186
181.251
191.488
174.998
114.011
106.728
103.644
102.751
101.979
107.203
122.038
145.71
201.46
226.123
186.798
163.616
192.453
148.754
154.094
151.405
169.652
173.409
218.482
216.377
215.576
185.234
193.756
184.281
130.336
106.673
106.08
105.963
105.335
106.44
118.213
145.064
182.605
206.73
202.7
176.98
242.724
147.814
146.938
155.345
176.808
169.009
208.251
205.271
245.434
174.001
204.968
183.553
115.032
104.321
103.22
103.442
107.944
105.187
115.805
133.99
142.428
157.049
190.075
210.847
189.311
185.346
201.908
153.173
149.387
158.038
195.744
232.487
199.508
189.899
166.109
172.77
131.091
104.418
103.954
105.939
105.356
116.038
137.967
152.351
161.643
196.139
209.837
178.756
174.992
208.911
173.082
196.417
217.033
246.879
234.756
215.645
217.877
162.285
157.846
115.775
105.706
109.221
110.843
110.783
107.504
124.054
166.302
192.745
200.745
216.994
208.161
221.2
174.793
192.188
196.247
213.158
228.933
253.693
224.559
228.405
186.297
164.175
165.148
145.439
106.921
104.036
103.32
102.348
107.234
120.14
157.542
181.823
180.104
195.272
192.37
213.994
150.68
158.533
165.134
196.369
189.535
205.786
221.232
241.474
182.437
200.786
158.739
121.641
105.221
101.506
100.959
99.7054
108.33
131.062
152.804
193.779
179.47
187.81
177.505
194.472
138.873
143.552
141.687
161.867
171.414
213.442
207.654
191.338
173.133
190.969
152.48
136.314
103.75
100.576
100.511
99.2537
107.078
122.235
140.267
159.031
177.853
201.251
148.336
156.284
149.316
143.755
158.926
179.162
169.295
176.483
221.151
218.38
179.029
169.96
154.868
133.325
103.411
102.753
103.492
102.633
106.187
118.368
141.255
156.541
169.482
216.622
165.006
192.723
132.776
136.127
150.372
173.48
156.89
178.415
236.001
230.175
187.96
201.767
174.165
122.537
103.761
105.367
105.613
114.039
104.689
114.811
131.207
147.192
173.019
213.628
215.457
209.862
165.614
224.952
172.61
160.816
190.376
287.249
227.09
188.595
191.277
149.961
144.57
114.97
103.718
104.027
104.933
116.162
104.641
116.452
147.269
147.55
170.055
179.372
205.319
182.419
150.486
184.459
143.833
142.244
169.528
206.395
261.712
204.608
205.6
158.118
177.941
136.698
104.327
100.529
100.066
98.7852
106.459
122.732
149.763
172.046
225.695
227.779
187.762
219.866
154.506
158.171
147.462
171.582
183.537
211.692
225.002
227.984
199.334
197.824
177.607
133.967
104.141
102.628
103.063
102.058
108.203
130.981
149.877
169.337
198.515
216.357
176.779
241.312
134.947
143.274
149.139
162.452
170.205
190.993
207.62
239.333
175.709
163.354
134.223
114.273
105.298
101.327
100.586
99.3258
106.603
119.081
145.656
172.827
221.097
224.603
164.861
211.07
141.389
147.734
139.281
158.25
159.856
198.965
224.894
211.14
200.639
218.669
175.734
114.159
106.066
101.458
100.333
99.0948
107.177
126.642
154.842
210.086
204.146
216.914
184.886
164.944
137.112
140.249
145.083
178.636
172.082
191.509
214.417
255.198
192.345
197.544
177.631
123.74
106.472
101.673
100.248
99.0452
108.69
140.419
159.473
183.794
174.211
208.49
195.984
179.749
138.291
164.055
167.599
173.406
163.695
196.582
211.544
244.028
183.531
185.265
156.807
116.225
103.934
102.859
104.102
116.227
104.7
115.988
142.331
165.587
153.786
201.717
205.718
178.984
142.977
147.607
133.244
146.635
164.007
222.03
201.144
201.765
218.598
154.743
165.141
113.785
103.707
104.784
105.148
113.873
104.541
116.258
146.884
151.967
204.18
222.249
221.366
204.563
160.289
178.17
138.645
139.777
166.451
225.196
224.769
220.804
241.214
157.767
165.864
118.574
108.392
108.068
107.421
106.945
106.479
128.171
158.434
194.941
179.559
188.65
172.72
217.215
145.89
141.617
144.481
168.188
164.364
180.984
211.352
226.571
181.229
184.217
179.711
136.622
107.198
104.047
102.85
101.902
105.311
117.196
139.656
175.071
210.552
201.694
180.289
261.657
152.474
157.135
156.307
166.626
168.089
207.26
216.052
215.147
198.78
165.767
137.692
114.761
107.848
102.672
106.314
98.5184
105.467
116.801
142.606
183.112
196.719
199.062
182.625
222.133
138.137
144.461
151.261
184.345
170.846
168.54
192.6
215.251
208.284
215.361
177.557
133.787
105.804
101.814
106.226
98.3743
106.776
129.404
150.818
176.932
225.95
218.684
181.337
216
146.345
144.574
141.045
163.238
159.985
174.815
218.647
246.889
195.395
171.48
150.24
129.313
104.643
102.877
106.56
101.124
105.816
118.441
153.539
179.185
214.058
236.289
186.12
224.521
137.123
152.223
148.255
170.282
167.64
176.179
209.595
235.015
177.889
204.523
158.118
124.073
104.143
105.236
105.593
114.298
104.922
117.248
150.12
152.461
189.425
195.76
253.719
179.995
148.235
173.126
131.652
137.457
171.908
192.903
231.259
197.396
202.151
155.433
154.358
126.498
104.228
107.911
108.486
123.19
105.134
116.959
147.762
154.978
176.709
189.787
181.357
214.324
136.922
157.3
128.828
141.28
178.136
233.874
195.411
169.831
168.613
160.989
152.097
114.171
105.758
103.994
109.344
101.804
107.916
132.54
173.674
205.019
194.322
238.912
201.298
192.888
146.665
167.457
176.574
212.087
157.714
178.056
189.715
202.084
197.381
189.809
166.478
140.889
106.682
101.511
101.752
99.4604
105.421
124.619
137.763
159.417
256.28
270.38
226.416
228.577
188.225
185.086
169.07
165.264
203.464
236.726
176.287
172.693
170.961
168.954
161.101
110.613
107.575
102.48
100.437
99.3402
105.769
124.549
145.669
177.731
200.466
223.475
174.638
203.284
152.234
159.61
165.393
197.354
187.583
196.833
225.975
253.258
184.584
200.611
183.432
120.928
104.907
100.765
99.7308
98.5345
108.044
139.912
151.537
179.404
174.845
207.416
171.138
220.018
133.277
146.185
151.478
170.713
147.59
161.029
186.595
185.712
187.831
168.582
165.44
126.276
104.812
105.831
115.584
104.075
105.148
120.379
141.144
169.427
199.632
203.721
166.651
222.95
139.583
143.75
155.846
172.278
157.943
172.597
200.141
237.445
179.348
196.95
166.298
113.314
102.829
102.28
102.562
108.712
103.326
114.74
146.575
173.114
182.575
195.39
181.644
181.315
157.146
180.436
144.701
143.812
173.85
197.415
235.21
223.893
240.878
160.501
174.971
123.991
102.919
100.233
103.264
126.257
103.356
113.836
142.071
174.355
186.579
213.349
227.746
204.203
160.256
168.282
135.027
142.731
150.11
194.539
231.382
196.213
198.173
161.661
180.008
119.958
105.032
102.888
102.237
101.394
104.457
117.84
155.057
176.664
180.719
196.941
166.903
180.001
138.27
143.844
147.643
173.588
169.282
171.917
220.103
232.756
177.79
183.292
159.275
137.079
103.33
101.554
105.257
99.8966
105.669
128.665
143.215
178.856
203.895
229.142
189.402
237.984
134.89
146.168
141.145
177.459
157.02
183.423
197.154
228.736
168.326
202.542
167.642
123.608
105.285
101.799
100.457
99.3281
104.708
126.662
143.438
168.983
176.247
204.313
170.615
206.021
136.437
136.198
146.248
160.397
152.732
186.551
201.367
247.184
181.389
170.071
160.508
123.096
107.379
102.931
101.97
100.895
107.428
117.642
137.022
159.619
193.535
202.982
180.825
191.731
140.524
155.369
159.789
201.922
162.619
201.163
211.816
222.6
164.623
197.376
165.776
154.244
118.415
112.944
113.921
113.598
118.358
130.667
147.309
191.375
224.394
252.973
181.326
206.668
147.681
141.738
142.182
185.783
156.51
191.453
198.467
240.678
177.172
170.662
152.835
112.306
101.955
99.3091
101.074
114.302
102.295
113.948
148.353
162.11
184.49
210.991
217.068
206.516
168.844
199.163
145.3
162.079
178.711
227.902
255.837
206.129
198.931
165.479
170.794
130.967
102.26
101.803
103.18
116.892
102.701
113.629
143.423
150.051
175.95
203.141
204.517
206.159
169.245
192.055
155.809
160.011
163.691
209.49
238.159
216.08
190.588
152.377
168.508
137.904
101.967
98.9087
98.837
97.5689
105.566
127.107
153.854
202.117
175.954
190.472
175.236
148.236
135.568
136.376
142.233
156.761
151.107
169.259
208.697
216.883
189.407
180.558
145.071
107.966
106.636
105.372
104.565
103.926
106.421
133.018
148.135
186.405
211.732
247.455
197.355
173.194
137.585
149.195
159.764
193.611
159.703
179.78
205.979
258.691
189.461
157.573
151.799
129.993
102.268
99.7059
103.433
97.8739
107.288
139.407
152.44
177.385
199.74
180.663
173.862
223.073
151.169
163.876
174.864
197.797
172.834
185.944
199.173
219.508
179.966
204.497
184.39
125.913
104.352
101.385
108.336
98.38
105.873
122.441
143.243
172.81
204.55
234.2
213.175
217.017
170.024
194.192
187.08
216.872
210.272
239.896
248.739
234.432
199.371
198.554
164.187
134.675
105.174
100.875
99.8222
98.6269
105.528
118.401
155.315
196.496
194.632
183.978
159.591
198.672
131.09
134.17
154.734
179.834
162.928
172.995
205.864
252.046
173.073
173.708
142.894
118.598
103.205
103.529
105.369
124.412
103.713
113.722
132.937
142.808
160.387
231.122
243.956
228.291
170.719
176.37
151.022
163.717
168.982
290.37
244.898
226.633
239.498
152.081
158.534
118.327
102.793
103.116
101.858
97.7306
103.228
112.777
130.322
136.944
150.137
217.427
198.721
183.782
172.678
211.93
171.524
165.349
170.396
222.099
219.769
219.543
228.439
165.451
178.503
122.019
102.028
98.9848
98.8966
97.6541
106.379
133.033
144.52
176.938
171.75
195.485
188.149
193.93
142.844
163.051
164.952
177.865
159.901
168.576
188.847
219.657
168.95
183.823
161.84
127.94
101.952
98.9119
98.8322
97.5614
104.282
116.43
146.403
165.536
186.687
182.012
170.433
228.541
140.907
149.565
139.508
146.274
158.554
197.825
205.491
218.557
207.552
206.654
167.636
125.179
108.025
105.68
109.791
102.485
105.158
123.938
151.616
174.91
170.058
192.533
180.309
167.938
153.204
153.997
163.18
168.969
160.869
190.487
205.065
230.326
176.107
177.998
149.275
115.668
102.85
100.483
109.621
97.4167
106.297
134.389
141.588
181.772
209.885
214.754
170.82
225.739
149.83
143.452
145.528
172.96
151.892
190.547
197.438
252.253
172.8
209.254
153.759
133.718
101.787
98.7413
98.6628
97.3864
105.219
126.251
156.575
176.32
177.634
214.108
175.72
189.22
134.989
154.365
152.539
166.461
169.279
202.684
197.11
219.316
188.834
160.144
148.677
135.636
102.296
100.913
101.231
105.982
102.792
113.145
136.005
145.773
159.051
203.131
198.045
162.661
159.901
163.824
142.887
154.988
165.949
228.604
231.292
231.242
250.012
160.66
168.644
116.883
102.484
103.673
104.223
114.885
102.903
113.323
140.278
160.549
166.477
219.049
230.885
187.021
147.683
187.283
153.909
153.323
163.287
209.752
210.2
215.384
241.276
157.213
159.747
118.74
103.501
103.174
110.876
101.289
105.226
123.29
138.861
167.021
202.555
197.892
165.3
174.823
137.709
141.641
150.475
166.761
166.001
189.462
239.049
232.7
169.06
174.846
138.375
120.898
108.451
105.194
106.985
101.756
106.377
131.968
161.725
177.714
203.413
226.686
178.862
171.365
136.913
147.831
159.054
173.747
165.615
198.618
190.121
203.016
191.638
180.612
154.759
150.04
104.219
100.877
103.927
98.34
105.176
117.872
152.529
190.587
189.08
228.55
178.102
181.945
134.046
156.93
161.821
176.989
159.242
180.805
210.23
232.969
168.71
185.521
140.503
108.221
103.877
101.688
101.415
100.416
104.719
115.814
135.695
176.664
212.808
212.717
165.446
342.452
135.629
148.81
147.616
162.185
160.905
189.37
216.998
217.009
198.814
176.971
163.134
114.885
105.884
99.489
96.3658
95.1752
102.15
118.421
142.084
203.183
227.413
241.636
213.11
204.34
137.101
150.101
142.787
165.344
172.137
209.518
206.976
239.241
169.38
161.343
166.22
121.362
100.143
99.7719
102.849
130.253
100.326
108.972
121.71
129.924
141.335
225.673
203.123
176.04
148.913
168.623
144.036
145.213
165.049
250.368
233.064
189.392
190.735
151.98
159.903
117.623
100.081
104.014
104.211
117.105
100.284
108.619
119.67
120.935
150.525
242.022
216.957
210.483
158.145
188.34
138.978
145.942
166.557
238.994
217.369
204.414
224.636
148.528
134.059
108.549
103.645
101.857
100.941
100.316
101.787
114.812
140.164
163.286
194.644
233.318
169.32
206.954
142.589
140.122
151.635
174.119
154.201
169.833
206.215
234.576
197.474
200.222
168.286
105.093
101.961
97.7348
96.4497
95.2921
101.657
112.691
135.626
161.051
178.596
177.099
156.424
208.907
134.801
134.34
140.501
162.976
163.41
178.702
208.909
179.924
161.286
182.857
144.081
110.988
101.9
99.922
99.2134
98.3966
101.846
119.511
133.297
171.838
213.321
205.035
196.493
201.894
137.409
140.016
153.952
164.702
154.853
175.45
180.644
204.058
181.09
163.189
142.468
134.861
97.9611
95.088
95.1603
93.824
101.135
122.5
142.543
171.335
190.931
183.392
165.385
214.247
138.335
145.261
147.939
165.677
151.084
177.769
190.59
215.728
170.298
187.008
172.815
112.317
97.3952
94.8416
97.7142
96.4441
102.816
115.296
135.481
152.14
173.091
210.763
168.401
172.885
135.28
132.355
148.79
183.704
160.911
167.865
187.797
192.063
156.612
163.654
131.48
129.466
98.1739
101.278
103.371
128.219
98.2737
107.615
127.875
138.151
172.324
222.627
210.486
190.863
157.508
167.555
131.581
142.072
153.425
195.78
214.83
191.77
182.757
145.083
146.907
124.31
98.1731
96.5907
97.5474
106.371
98.2632
108.146
137.702
159.208
163.796
166.034
191.213
208.281
154.518
202.933
143.999
142.124
155.218
238.979
211.237
198.89
216.814
154.052
154.099
102.961
99.1497
95.4797
94.7376
93.4342
99.9119
114.453
142.824
160.03
179.772
192.338
164.263
188.271
137.937
146.076
151.227
174.915
156.682
164.266
185.857
189.437
161.029
165.039
132.147
120.688
101.854
98.2817
106.239
94.0479
101.082
119.305
152.12
180.231
213.758
201.311
157.879
166.441
138.115
137.384
133.394
158.782
144.594
167.979
190.572
221.982
169.486
160.328
148.055
105.727
102.629
100.704
105.413
98.0646
100.594
113.573
163.137
216.565
156.485
189.134
175.963
236.393
134.823
127.878
141.827
149.428
155.804
164.047
202.32
208.218
174.903
188.956
169.997
127.878
101.998
99.9019
99.2074
98.4445
101.062
111.731
140.553
181.772
184.62
187.832
183.497
205.595
143.009
147.298
143.706
165.469
161.741
182.461
187.394
206.564
177.243
168.737
140.337
127.043
101.6
97.2771
96.1085
94.9384
101.874
117.586
142.087
181.79
205.182
218.775
188.699
170.967
137.491
144.401
138.819
164.615
152.812
169.712
186.108
190.505
166.862
182.671
165.074
105.962
99.0837
97.4597
99.425
116.007
99.132
107.794
122.567
133.096
160.311
249.468
226.945
204.49
168.628
233.496
163.707
155.43
168.983
206.304
210.714
174.659
182.378
151.145
157.386
116.075
98.7959
99.3308
99.3377
104.809
98.8856
107.134
122.415
135.822
151.901
215.124
192.969
174.715
162.545
162.851
149.152
171.556
164.922
200.964
222.065
176.11
166.3
147.384
178.132
122.524
102.549
97.257
95.1144
93.8065
100.948
119.258
133.437
165.644
174.598
190.336
156.576
204.36
128.456
135.855
143.779
158.591
154.615
198.892
195.83
223.982
157.96
177.012
148.459
114.913
101.712
97.4508
99.591
93.9382
101.43
121.951
139.872
163.305
167.154
186.354
154.633
137.097
140.04
134.542
149.359
169.203
165.001
197.285
196.525
218.959
186.188
179.916
142.459
117.199
102.226
97.994
100.451
94.8727
101.15
111.16
135.014
178.549
194.29
223.967
191.051
194.305
138.97
145.091
142.812
151.967
168.183
181.117
203.56
217.191
193.396
197.219
174.327
123.349
103.123
99.1871
97.6925
96.6675
101.815
112.728
132.415
154.679
190.893
215.186
185.221
229.401
143.065
150.298
162.924
200.563
175.842
216.564
242.522
218.695
184.397
196.08
162.091
113.422
102.657
98.8762
97.6792
96.6644
101.824
113.052
142.232
174.888
205.406
248.07
179.049
206.431
140.69
142.14
145.646
173.846
149.973
166.434
189.369
227.542
183.62
173.572
161.259
130.407
99.9702
99.1838
99.0482
101.701
100.176
109.357
127.239
131.521
146.45
203.48
193.441
186.44
169.348
189.096
157.292
151.765
159.792
234.243
210.653
204.688
210.205
153.138
147.616
110.825
99.9225
97.8459
102.5
138.767
100.094
109.071
128.7
140.678
160.592
196.793
195.19
181.882
150.219
162.91
127.38
131.497
156.534
192.487
207.958
212.856
228.752
147.076
150.285
121.376
102.385
96.7335
96.8716
94.6219
99.6631
113.167
131.015
172.803
287.097
235.25
242.611
203.435
195.196
167.734
167.202
184.927
173.342
213.032
175.808
163.169
157.564
148.811
144.271
105.456
100.045
96.3633
95.5694
94.3349
100.538
112.699
138.637
194.934
226.899
240.814
189.398
210.985
136.279
146.283
154.088
182.911
145.69
158.205
200.986
242.832
156.543
164.318
158.738
113.941
98.6486
95.7657
95.6451
94.409
103.018
132.527
142.557
177.315
204.731
227.119
177.803
212.108
127.849
133.142
150.145
169.789
162.042
178.083
205.982
231.398
173.086
162.485
156.964
112.071
100.598
99.9423
99.9682
99.2286
101.623
121.759
146.755
169.212
199.177
225.803
197.596
172.065
140.518
153.88
153.401
192.841
159.327
174.996
201.958
227.193
172.04
180.485
161.123
112.817
98.6028
96.4948
102.153
94.3655
100.572
111.32
135.272
187.048
243.742
263.128
190.094
218.29
136.183
141.492
149.641
174.212
150.761
174.078
194.449
206.504
166.279
189.226
168.235
115.326
99.1448
98.7996
98.8009
102.988
99.2542
110.959
151.015
163.692
175.748
182.169
233.288
201.686
162.432
187.981
134.123
136.099
156.063
212.882
186.136
185.505
196.091
143.985
147.022
104.312
99.0189
98.2493
100.973
124.705
99.1286
109.289
137.986
146.672
179.781
201.677
217.472
205.208
158.364
169.112
140.476
141.891
158.549
241.972
216.947
180.51
177.982
144.382
149.703
115.222
96.3951
95.8011
100.063
94.7422
99.0743
118.005
151.406
167.335
185.113
167.935
153.156
163.284
143.408
160.984
148.115
177.54
158.784
167.014
190.105
180.65
154.953
171.281
131.685
133.862
98.9149
95.8921
95.1133
94.0773
99.5179
115.11
135.454
173.239
191.109
235.636
201.067
204.211
130.649
137.3
147.062
159.81
139.685
188.79
203.506
224.063
163.149
175.688
131.659
110.315
99.5237
97.7908
97.3696
96.6006
99.8153
117.272
138.335
169.717
182.866
198.147
171.98
198.65
140.199
125.955
132.974
150.343
149.034
157.141
187.971
202.545
171.774
178.148
165.63
107.198
98.63
95.8777
95.3181
94.2973
99.9924
116.588
131.715
157.011
167.011
180.269
150.425
211.524
131.477
142.337
137.31
153.232
142.514
163.335
172.009
213.644
171.498
203.444
152.505
117.439
98.8476
95.2614
94.4372
93.3148
101.599
130.372
151.223
175.873
213.503
196.243
166.914
135.333
137.162
149.901
159.747
172.388
145.477
171.118
182.814
235.794
176.549
180.786
165.647
114.146
98.0404
98.2077
98.8329
108.634
98.1406
106.501
121.667
146.079
182.14
208.54
252.229
210.148
167.108
177.86
139.015
141.391
149.787
219.609
198.114
178.494
185.314
153.706
166.907
110.99
98.0324
96.052
97.8627
112.994
98.1309
107.785
134.278
143.363
180.268
207.382
202.982
172.739
148.344
182.261
136.472
134.205
176.614
212.139
217.6
176.081
181.776
148.382
167.99
123.523
101.304
96.2054
94.3177
93.1757
99.2439
111.101
130.109
148.345
194.878
209.404
177.52
201.897
142.357
139.436
147.082
162.59
152.326
164.458
183.339
201.217
173.68
157.718
144.423
119.974
97.2207
96.1161
96.5025
95.6247
101.639
131.665
145.663
171.215
205.505
204.372
175.345
157.383
133.261
147.259
138.658
168.522
158.37
183.507
206.286
241.679
172.445
152.887
138.417
111.515
101.808
96.4806
94.3466
93.209
99.722
113.3
128.031
160.467
176.025
231.667
194.907
211.594
138.968
142.39
160.913
204.049
152.037
153.177
193.051
222.84
175.357
175.62
162.937
124.045
100.046
95.8651
94.58
93.4487
99.5461
112.093
146.258
158.493
209.107
195.694
167.501
178.136
143.655
158.929
139.779
175.832
155.996
181.416
218.608
241.704
162.665
200.278
186.571
140.221
101.779
97.3355
99.1951
93.7307
100.773
119.216
141.123
161.536
174.276
170.269
157.231
183.202
140.868
137.428
134.487
160.337
152.865
178.236
198.095
209.783
162.998
187.184
152.122
106.732
98.2294
100.113
101.497
119.776
98.3702
106.354
116.599
125.458
164.22
205.505
222.64
221.525
136.737
187.896
156.567
145.746
170.244
265.048
239.871
175.326
184.413
155.715
141.517
113.491
98.3038
100.205
102.615
128.625
98.4391
107.614
129.736
138.7
165.754
236.757
194.52
173.783
145.933
152.206
119.924
125.99
161.778
206.682
207.03
166.29
165.707
146.357
157.825
116.25
103.584
98.329
95.743
94.7621
100.318
117.393
134.485
178.66
194.524
198.835
172.046
220.19
136.341
153.308
138.061
163.35
153.201
177.98
191.126
222.005
195.48
190.588
155.145
126.652
99.0645
95.468
94.6288
93.5189
99.6477
110.253
132.564
164.969
210.341
211.593
171.609
225.658
135.956
143.26
147.224
164.062
149.216
192.843
192.389
223.261
178.106
154.56
135.457
111.219
100.184
98.129
101.271
96.0609
100.182
115.468
147.622
177.414
198.838
201.135
175.302
285.792
131.352
139.668
147.779
166.447
165.099
184.627
196.405
196.921
165.655
184.038
160.77
111.948
99.2285
95.6327
94.7908
93.6933
100.505
117.442
147.736
176.49
187.666
219.732
191.158
187.486
142.963
147.248
149.987
170.369
151.329
173.132
193.204
229.702
173.591
168.487
135.419
104.839
102.34
102.064
106.932
99.9407
100.408
115.284
134.565
157.81
204.79
238.42
187.353
196.412
127.34
136.745
162.94
179.157
168.184
185.958
206.678
246.087
179.187
195.122
180.468
106.962
99.3131
99.4149
100.71
116.049
98.7181
106.753
117.59
124.55
138.231
210.238
199.964
211.251
152.086
181.652
159.328
168.394
210.179
291.871
291.851
232.353
232.384
154.617
178.26
133.869
99.1982
100.103
101.474
118.236
98.761
108.708
138.028
159.788
167.567
200.134
224.989
166.466
150.67
185.666
160.129
164.062
197.369
237.708
250.266
204.837
198.846
146.001
183.764
123.63
100.154
96.1993
95.2113
94.0803
100.218
113.582
134.287
148.348
195.166
243.212
178.612
206.747
144.672
148.516
159.855
184.86
174.188
208.277
213.841
215.792
179.472
185.244
172.22
115.501
102.69
98.8283
97.3803
96.5202
102.384
132.849
162.123
202.535
206.519
201.272
176.317
188.994
153.311
154.406
141.496
164.016
154.129
195.525
213.915
230.498
158.021
147.167
139.991
112.261
98.0063
100.68
111.456
100.105
100.448
112.639
146.246
176.582
220.776
236.857
180.745
202.931
132.901
144.411
150.615
170.894
163.004
197.406
220.008
225.293
191.27
178.748
153.361
118.266
102.606
106.058
109.921
105.016
101.342
121.716
140.258
164.686
198.194
227.597
192.891
189.714
157.142
150.952
184.141
205.984
192.747
236.44
241.146
254.461
193.053
173.663
160.116
113.836
106.21
101.156
106.329
96.1602
101.033
122.22
167.903
215.471
246.702
231.164
208.498
195.516
169.228
186.871
185.202
216.3
225.673
258.166
253.241
233.174
190.636
229.862
175.2
118.933
102.39
98.5448
99.8915
114.917
98.9173
107.528
137.506
157.105
181.344
270.085
291.521
284.214
217.167
229.925
211.196
239.927
244.109
361.415
291.974
223.007
204.079
158.251
154.846
127.324
104.121
104.135
107.287
138.916
98.9909
108.032
127.766
143.995
209.815
253.379
240.911
213.271
203.277
245.772
198.793
223.189
238.428
290.738
287.321
264.226
273.401
178.328
184.319
117.589
105.254
104.34
103.772
101.733
102.713
136.937
164.683
212.626
226.687
272.195
240.623
239.941
203.157
200.245
209.757
247.885
240.768
275.775
255.664
233.41
213.018
210.615
179.259
128.54
108.216
102.641
100.815
99.104
101.152
129.192
196.491
277.066
312.063
307.321
259.56
260.68
181.317
199.376
205.178
244.355
229.886
253.842
267.969
305.974
214.496
235.309
191.908
125.985
109.255
105.143
102.56
100.628
103.209
123.978
155.356
208.103
236.699
244.606
218.917
229.291
189.781
201.753
216.126
266.129
239.968
262.496
274.801
295.734
230.539
196.665
165.952
131.696
112.572
105.881
102.171
99.6086
103.262
125.172
159.889
187.103
236.592
254.124
231.424
203.369
195.521
208.88
215.071
262.647
244.644
250.216
274.378
318.233
219.361
207.408
158.104
118.669
109.673
105.725
105.145
100.343
100.879
119.419
147.483
204.374
336.346
325.685
363.703
290.324
265.064
245.378
230.333
284.865
273.629
266.286
263.124
216.081
199.848
165.045
145.719
115.721
107.699
109.458
110.432
130.993
100.863
111.69
149.555
168.871
219.135
323.497
299.611
250.096
218.779
259.691
230.05
227.951
253.541
323.859
298.39
229.789
210.954
194.602
195.937
146.639
114.72
113.375
112.721
118.685
111.743
133.356
188.257
213.759
256.458
253.063
298.751
283.409
255.653
280.423
236.582
243.336
271.971
334.49
330.305
264.323
255.784
199.915
201.781
149.343
127.89
120.039
114
110.719
119.905
172.353
216.962
276.766
287.946
299.81
261.298
314.069
214.821
234.261
237.139
277.5
280.134
286.463
310.102
262.057
225.625
212.069
190.305
146.807
119.748
112.274
109.451
106.876
116.762
157.681
194.887
231.263
264.068
320.957
258.501
257.579
211.423
239.601
260.469
284.83
264.895
297.658
287.736
277.068
253.5
229.012
171.628
126.899
117.767
114.522
117.806
108.191
114.629
152.892
205.288
268.607
273.688
288.347
277.5
306.075
204.182
229.392
208.243
229.962
240.678
267.85
281.202
280.045
204.843
209.279
199.837
160.069
112.56
106.206
107.837
101.483
102.449
120.403
165.429
187.969
254.989
249.193
228.435
220.678
192.383
205.347
210.549
240.15
239.249
276.037
264.361
263.501
211.429
191.01
165.212
138.027
110.867
108.247
110.694
104.502
104.559
138.996
170.608
213.536
233.946
270.114
220.541
234.619
197.529
192.641
199.855
236.943
235.732
248.997
251.573
284.453
201.264
195.007
156.124
123.718
105.967
106.427
105.291
104.26
100.878
109.585
125.502
137.297
174.975
218.642
234.671
195.107
183.16
220.808
183.371
181.917
234.823
267.417
255.307
213.227
211.641
161.578
183.082
120.071
105.703
106.941
110.085
137.501
106.188
110.174
129.508
135.694
202.607
295.146
274.258
197.425
193.086
218.562
196.318
192.496
198.985
234.643
250.614
244.849
245.57
152.223
172.538
122.639
104.045
102.475
105.823
100.085
105.676
118.661
153.348
202.491
223.105
250.695
218.221
186.252
153.304
167.193
181.427
211.545
196.855
212.719
236.725
246.551
200.615
208.411
174.544
151.72
103.272
100.923
108.824
98.7374
107.937
122.318
157.089
190.77
187.695
214.742
180.927
208.761
155.527
167.467
179.212
224.356
200.382
213.793
223.48
235.466
186.407
201.871
175.242
131.416
106.872
101.65
100.15
98.9809
110.046
132.938
159.257
222.891
222.902
237.037
210.27
266.401
162.471
161.708
178.68
199.387
212.295
227.772
247.45
289.288
229.831
189.127
150.349
123.547
104.262
104.618
113.945
101.487
109.198
132.441
152.5
218.163
220.92
234.625
228.087
211.892
159.069
167.735
187.834
214.256
207.597
248.536
249.608
257.926
202.063
195.108
165.921
125.818
107.196
104.802
103.729
100.732
110.143
137.276
169.819
200.257
227.761
246.051
207.903
240.682
181.646
190.376
197.798
232.091
223.177
248.45
248.563
284.27
210.98
202.717
183.631
136.361
106.283
108.79
105.482
99.0031
105.655
112.837
151.072
180.169
213.241
274.019
292.28
263.605
214.706
224.068
210.098
220.823
260.403
347.915
278.744
218.688
201.206
185.919
203.831
133.815
109.604
107.47
108.753
120.787
110.252
133.293
170.064
195.185
218.044
259.612
288.562
226.571
212.833
256.308
216.901
222.128
248.259
304.245
312.923
251.347
252.013
193.201
190.916
135.858
112.651
107.539
109.503
102.543
111.445
128.707
173.696
242.607
246.386
283.349
270.602
218.087
168.89
180.555
196.041
223.904
220.328
255.091
255.388
249.596
195.209
213.533
187.22
115.054
110.507
105.935
103.505
101.814
108.525
121.003
139.696
162.447
209.085
260.302
217.804
230.558
180.412
172.402
199.116
241.976
215.482
246.194
263.178
256.865
207.897
191.087
171.163
120.975
106.11
106.846
106.485
105.386
109.096
128.028
157.862
184.546
233.415
278.593
229.236
294.515
168.638
185.626
190.461
223.231
222.639
247.799
253.18
228.977
202.375
175.243
175.037
135.786
107.304
101.942
100.246
98.6868
108.357
124.784
140.89
186.384
230.27
270.144
211.324
214.821
176.405
186.977
188.092
205.641
224.25
247.32
257.734
262.666
192.722
177.425
159.68
136.73
108.987
102.341
99.3513
97.7702
108.369
128.79
149.165
191.854
229.896
234.507
203.493
225.625
192.944
183.268
187.142
214.755
215.302
235.985
253.086
292.865
211.083
212.638
182.977
137.216
108.001
111.254
108.196
104.593
107.053
124.092
168.768
184.822
217.128
282.643
307.524
253.199
239.565
258.385
212.743
214.633
248.201
310.425
310.221
233.036
223.959
177.465
171.942
140.269
109.368
107.913
107.908
109.583
110.726
133.821
170.397
194.249
218.002
251.67
259.414
271.013
194.649
211.746
195.67
201.13
230.758
312.5
261.96
212.493
198.641
143.088
152.154
118.797
103.096
104.472
105.641
104.779
108.55
129.336
141.455
180.731
214.032
236.242
216.415
243.374
169.935
156.281
179.804
209.608
206.443
224.821
255.333
289.637
188.592
200.227
178.051
126.854
107.946
102.389
100.618
99.1412
108.355
120.235
132.501
181.456
223.672
235.417
197.68
264.713
158.04
160.068
171.642
196.014
213.708
237.129
260.248
298.674
195.811
179.247
168.772
135.478
110.096
106.12
112.267
101.784
111.105
132.266
184.459
213.642
203.947
212.802
205.875
187.949
167.241
172.541
189.591
205.121
224.725
230.909
251.652
298.759
193.89
203.768
169.184
130.32
117.449
118.87
116.322
115.375
112.673
131.191
186.512
218.987
210.39
221.368
208.976
263.726
183.667
203.08
187.545
206.902
208.213
238.464
235.314
245.339
199.918
204.201
187.568
123.224
108.02
102.192
100.388
99.134
108.712
122.559
139.733
196.106
224.41
228.101
224.1
239.725
167.446
171.34
192.084
231.958
212.992
241.367
255.062
287.351
217.8
231.25
199.603
117.565
109.333
107.48
108.343
123.431
108.41
113.292
139.857
153.2
197.138
290.688
299.592
246.181
190.491
210.101
191.287
203.993
231.75
317.096
268.32
223.19
207.946
149.691
152.374
126.578
106.438
105.66
105.192
110.313
106.106
112.306
131.039
146.875
157.971
227.623
275.943
249.874
193.938
242.324
198.756
208.633
237.15
300.995
301.312
265.091
267.869
158.344
172.508
131.238
105.296
101.374
100.621
99.4655
109.83
127.715
141.273
200.776
239.55
259.032
234.765
253.545
195.421
200.798
238.106
277.042
247.25
270.884
278.184
262.864
242.802
207.889
171.231
148.223
116.145
108.881
105.725
104.019
115.23
143.833
187.677
245.347
272.375
267.15
253.377
283.642
209.193
217.445
232.714
250.328
246.114
257.825
286.066
294.44
220.696
225.377
183.485
130.015
116.766
108.945
106.144
105.091
114.671
134.732
168.919
205.326
256.876
282.001
248.932
292.922
205.679
204.147
224.361
251.948
260.471
278.743
277.563
274.263
233.839
207.614
204.336
140.037
115.23
110.221
111.445
104.271
114.191
135.506
179.525
213.654
276.852
255.541
245.59
226.459
222.91
231.321
244.972
268.078
255.825
274.047
302.465
314.484
235.73
251.632
176.448
139.086
119.539
111.267
106.89
105.013
115.738
138.427
173.006
210.578
263.243
290.844
271.29
270.348
207.336
214.642
247.023
289.374
247.399
274.072
291.389
298.871
231.188
220.613
171.167
141.478
115.335
115.396
113.552
117.173
114.929
138.008
189.077
218.353
256.441
280.049
310.231
250.677
213.755
252.873
221.094
235.621
267.281
293.283
317.842
250.375
251.955
196.569
213.576
135.792
113.28
111.184
112.729
125.642
114.144
138.108
176.343
195.433
223.121
287.398
283.175
257.251
225.942
257.225
214.383
221.601
246.236
289.219
297.88
285.57
300.187
181.805
161.42
133.996
115.524
109.446
106.784
104.41
111.082
131.959
171.848
216.392
246.382
257.303
234.149
240.784
206.657
201.556
223.811
248.592
248.632
274.94
270.774
304.273
219.273
228.219
191.992
137.123
110.984
111.244
110.664
109.321
111.831
118.889
156.325
225.943
254.598
266.802
249.372
236.381
179.594
183.768
214.966
249.929
238.822
249.878
252.788
291.741
187.542
195.878
150.458
113.726
111.567
104.422
101.579
100.224
110.169
126.275
147.568
179.814
206.979
234.74
207.484
229.899
186.034
189.669
192.458
229.75
233.534
261.728
241.512
246.158
195.456
188.296
161.319
146.059
115.26
106.937
102.488
100.132
110.718
130.722
145.905
225.576
259.752
257.252
245.721
278.064
186.522
195.221
208.578
240.529
229.312
260.008
263.202
298.017
193.884
194.868
172.041
129.297
109.562
104.928
103.608
101.991
111.685
123.585
159.314
205.862
236.705
262.682
221.528
276.479
199.807
213.004
223.774
244.139
231.594
252.71
259.571
289.88
228.799
250.234
187.757
131.007
114.562
110.153
109.833
113.149
115.44
126.897
149.679
168.301
208.579
206.53
267.287
247.863
222.442
273.553
227.088
231.352
261.567
316.009
324.818
307.666
327.024
183.937
179.269
133.524
114.023
117.743
118.422
135.216
113.689
125.936
180.296
211.009
230.209
285.819
295.092
285.517
221.21
244.627
210.721
223.924
258.571
331.611
278.165
241.364
248.986
183.866
181.935
136.041
112.476
108.57
116.554
102.91
113.111
132.224
164.873
214.335
245.131
288.142
251.067
281.049
188.859
196.816
214.501
241.237
252.447
292.814
282.035
281.864
222.189
244.746
161.453
138.55
111.185
114.158
120.281
112.576
113.272
130.203
191.18
223.978
243.206
253.815
233.157
297.664
180.435
191.812
226.788
255.299
223.613
253.277
262.244
257.695
197.371
218.363
199.869
124.281
110.206
105.886
104.127
102.623
111.822
125.579
138.759
160.333
179.131
247.862
212.367
184.001
168.807
185.644
213.908
259.054
237.255
241.871
230.858
242.597
199.78
174.382
156.734
122.167
109.176
103.41
101.455
99.7659
109.189
124.733
137.108
170.043
168.088
213.898
222.416
212.709
166.615
183.123
195.673
221.419
220.977
247.587
244.998
273.673
187.88
180.162
152.571
125.533
107.386
103.151
101.984
100.439
107.676
116.93
140.224
181.799
241.473
238.347
200.785
211.524
169.031
178.008
182.84
222.941
244.374
241.545
260.693
251.396
223.192
181.096
178.866
136.138
106.582
105.451
106.579
118.077
107.663
114.47
152.535
174.765
202.125
190.593
230.511
253.583
190.533
211.922
187.992
197.79
235.252
316.484
259.004
257.123
256.95
171.193
190.173
123.715
107.016
108.3
111.155
134.62
108.074
113.174
138.563
148.658
179.554
245.839
225.013
236.567
202.842
248.162
216.701
224.995
254.659
302.909
311.879
239.693
231.634
188.245
196.252
151.55
114.942
111.654
111.055
106.006
113.721
133.726
178.471
227.419
244.28
279.329
247.145
288.81
191.264
213.917
223.685
243.206
237.244
257.448
259.748
273.34
217.712
206.825
183.067
135.85
109.358
108.344
108.437
107.192
114.564
135.265
176.977
221.975
263.23
293.09
218.395
250.734
197.699
205.277
220.551
245.643
241.777
255.659
274.228
284.896
222.669
222.513
191.009
130.003
110.518
109.103
108.898
107.656
114.156
126.8
162.717
188.954
243.427
272.69
242.566
261.218
204.26
220.212
234.55
261.45
247.79
245.751
265.652
297.528
218.333
230.902
209.059
139.594
116.62
109.101
106.326
104.4
114.762
126.635
169.451
206.831
212.878
244.76
233.682
237.98
194.868
205.266
221.392
243.982
233.576
277.715
265.448
284.696
220.932
209.132
201.39
147.676
113.867
111.849
114.07
107.058
115.463
129.725
148.391
192.992
191.072
237.032
230.067
268.997
178.514
199.635
228.483
251.782
258.615
253.466
251.56
268.718
204.915
209.268
182.558
127.899
110.379
110.472
112.521
134.085
109.958
112.578
137.629
172.071
232.82
289.585
264.498
261.759
220.845
269.09
229.201
236.682
238.558
271.425
286.677
231.187
214.24
189.311
200.861
140.795
111.321
107.468
108.734
121.072
111.387
124.771
157.96
170.169
197.312
268.095
300.378
260.003
237.422
274.45
229.425
237.769
249.676
296.514
290.081
268.61
273.312
190.098
177.694
131.331
116.089
112.039
110.889
107.299
117.781
143.959
185.986
233.84
250.329
281.882
257.61
272.351
212.436
201.353
224.173
253.676
239.012
243.223
241.431
249.682
220.922
200.608
172.116
135.057
123.961
113.066
107.337
104.595
114.959
129.029
146.751
207.127
271.881
277.151
257.065
295.8
238.83
244.074
234.435
262.091
247.895
284.508
269.831
272.109
247.605
230.971
184.331
131.422
113.738
108.298
107.264
105.696
117.497
140.527
149.941
203.316
276.261
299.084
246.408
278.145
216.01
230.866
241.763
273.105
273.111
289.282
292.165
273.815
241.397
230.425
195.526
151.106
119.67
111.917
108.385
106.109
117.687
139.865
190.529
277.66
320.759
328.01
311.986
329.372
240.115
250.981
259.937
269.475
264.542
284.437
305.043
311.746
232.632
222.111
197.173
143.171
122.121
113.624
113.58
106.832
116.512
129.388
181.697
242.737
307.84
323.99
274.113
300.937
230.939
244.182
249.457
278.126
275.882
278.702
277.635
287.115
243.578
239.155
215.018
138.988
118.553
113.382
114.481
130.082
115.496
128.362
178.961
216.601
244.083
297.406
295.083
246.648
253.627
296.811
272.704
268.112
277.122
314.855
292.298
278.617
275.759
201.655
210.92
135.697
120.772
117.394
116.371
119.212
119.631
140.165
185.905
213.198
248.559
290.497
311.869
320.903
256.125
287.522
254.096
258.961
277.542
325.987
282.878
266.128
261.032
192.396
181.05
143.82
122.906
112.991
112.198
107.785
117.019
119.104
146.074
205.576
278.464
276.413
318.545
302.348
325.687
227.435
239.161
297.872
287.255
290.594
258.009
235.768
220.714
175.954
167.398
120.825
114.579
110.052
107.148
105.508
113.162
127.888
161.825
217.164
245.547
246.101
240.783
232.599
202.191
202.296
208.245
243.295
235.067
252.837
269.49
271.867
215.019
218.004
195.119
129.717
109.583
108.529
108.446
107.13
113.084
122.346
151.529
190.618
209.011
266.335
218.296
241.881
161.808
170.665
184.078
210.08
210.202
228.713
236.415
244.42
188.987
182.994
158.661
126.252
107.153
107.516
107.974
107.568
107.597
122.109
160.08
187.017
191.268
242.676
177.267
160.697
140.157
155.526
179.29
209.883
185.867
207.905
228.963
245.718
215.531
213.298
184.95
124.481
108.165
106.587
106.703
105.452
113.603
131.199
154.121
199.021
214.915
235.47
247.108
308.611
170.421
187.223
199.369
228.102
232.586
259.392
258.607
273.243
203.708
197.765
170.964
125.137
111.222
109.024
109.813
125.017
110.426
117.657
147.913
171.642
212.425
222.369
262.845
262.509
216.977
259.368
220.155
239.517
232.839
273.577
286.222
235.482
217.521
183.289
181.45
139.79
111.995
116.587
117.493
140.108
111.979
116.59
137.452
146.264
179.934
312.007
246.073
220.617
194.805
243.122
204.233
218.291
208.961
207.029
240.122
263.549
261.211
152.962
157
121.321
116.336
110.142
110.462
104.811
112.479
132.027
152.427
203.219
222.62
244.626
193.598
218.934
143.265
152.867
158.03
187.23
181.145
198.771
218.379
223.54
184.967
203.62
167.615
121.755
108.239
103.809
102.761
101.338
110.827
127.494
152.998
194.459
216.55
208.81
191.372
244.819
141.915
155.177
158.191
168.967
172.602
182.882
206.57
244.754
190.835
190.93
171.134
120.397
106.498
102.15
101.251
100.05
108.08
127.494
142.63
198.179
220.855
226.229
203.164
274.013
143.808
149.432
159.59
177.525
193.394
212
229.683
276.687
200.761
178.841
171.621
124.837
108.394
102.888
101.32
100.126
107.953
125.93
144.404
180.49
195.58
222.835
203.014
230.626
162.952
185.678
213.39
249.291
232.588
239.896
241.334
253.832
207.95
217.946
172.507
119.431
108.475
104.874
103.936
102.811
108.517
127.538
155.476
197.256
227.63
253.233
240.076
287.453
192.025
223.222
232.24
267.176
239.619
248.874
281.428
276.93
209.931
220.376
182.308
124.612
107.484
105.246
103.761
100.3
106.37
116.215
135.668
153.997
176.076
206.891
262.806
261.188
220.48
241.283
200.879
208.331
236.885
327.061
281.844
228.694
230.389
173.654
171.581
125.043
108.21
110.659
113.463
143.721
108.436
115.796
129.121
137.272
182.352
271.408
280.525
236.273
166.232
170.36
171.228
180.425
207.362
257.005
228.717
224.01
231.928
172.553
162.491
124.262
107.998
102.766
101.426
100.233
107.759
123.551
154.792
195.233
191.377
200.956
176.314
162.471
155.21
156.118
147.861
178.53
179.483
200.021
224.268
263.196
188.225
203.588
185.727
131.892
106.417
102.543
101.965
100.694
109.663
129.622
142.883
168.289
170.648
205.623
166.459
193.958
131.121
139.37
148.033
171.07
173.576
190.923
224.557
247.87
176.762
178.214
140.695
142.202
105.851
101.966
101.313
100.16
109.705
133.678
144.857
168.808
206.034
221.721
193.717
238.295
170.658
169.51
184.311
202.869
192.406
207.506
247.071
247.242
218.914
208.808
183.623
122.856
105.633
107.845
109.115
108.794
109.078
134.807
158.938
180.339
214.658
219.169
189.972
205.31
158.299
166.172
185.971
202.109
207.542
227.576
264.889
240.591
192.941
196.083
162.966
121.644
121.002
110.171
103.65
101.85
111.447
126.528
157.794
175.489
221.287
224.373
171.548
229.055
165.99
179.275
182.306
209.074
207.92
224.488
226.818
233.268
200.867
174.464
147.469
119.311
106.111
108.362
110.154
129.684
107.663
115.999
133.595
151.273
179.208
265.223
219.878
234.05
173.613
204.741
172.284
173.225
210.224
354.442
269.025
231.473
243.745
159.14
174.835
126.257
107.149
106.871
108.429
125.421
107.566
115.914
132.858
142.6
158.949
228.288
184.606
161.37
169.28
208.108
175.752
188.417
201.341
257.869
279.696
213.018
197.611
162.447
178.166
131.01
109.427
103.974
101.875
100.373
108.876
127.495
139.819
166.693
196.079
200.016
177.727
204.156
162.083
164.006
167.17
208.677
194.509
225.191
260.453
258.995
201.004
166.794
155.496
139.755
107.828
108.126
108.267
107.741
109.997
136.441
158.126
211.398
220.553
242.448
211.789
246.997
137.55
155.245
174.435
189.878
187.331
197.86
225.836
259.588
185.036
164.974
148.724
113.346
108.304
103.504
102.339
100.932
109.718
126.3
159.801
189.311
211.897
220.263
182.779
238.647
149.38
162.576
171.77
209.854
181.614
184.801
224.073
223.885
182.061
207.898
161.091
130.922
111.604
109.732
116.56
106.553
114.193
136.293
171.517
204.167
259.027
313.368
263.172
263.157
226.073
247.952
259.177
296.501
280.608
281.144
292.002
310.121
261.461
223.653
187.435
145.17
122.856
113.397
110.165
108.372
118.254
126.505
176.043
246.022
262.747
297.012
298.11
313.931
255.422
260.666
280.332
307.811
273.97
328.231
290.574
300.173
254.578
295.025
213.106
142.647
122.696
115.291
115.141
132.537
115.179
120.968
146.762
178.164
204.487
284.709
318.924
261.332
225.501
256.531
249.709
256.874
283.012
322.465
330.616
271.425
268.079
190.737
195.969
150.289
120.855
113.823
115.376
130.708
119.937
121.174
144.598
158.629
194.024
293.355
286.754
249.448
228.236
242.048
228.143
226.487
242.309
291.193
272.978
258.849
248.056
179.525
203.942
145.751
123.57
118.474
114.873
113.501
120.111
137.014
158.86
174.965
188.962
239.163
216.814
225.804
182.35
193.317
221.264
265.215
226.107
234.823
242.327
277.391
202.596
202.986
179.875
142.389
110.627
112.886
113.559
112.867
114.146
138.408
172.77
180.806
204.312
239.594
219.164
230.516
184.357
221.054
207.978
229.97
219.096
233.495
246.206
263.773
230.774
236.693
209.507
140.092
116.739
112.001
111.722
110.069
120.876
127.437
155.656
210.775
263.134
277.783
258.277
302.184
210.962
216.989
254.668
262.94
245.229
242.038
290.787
282.913
242.434
220.784
160.114
144.087
119.196
112.818
111.238
109.478
122.781
142.652
153.763
175.14
182.886
244.135
241.603
256.786
196.237
211.07
236.522
269.023
235.026
235.604
246.981
245.134
215.74
195.226
191.932
139.805
113.439
109.277
110.662
106.435
117.503
126.614
154.966
175.86
207.612
238.455
219.799
223.829
195.431
217.952
226.446
256.825
231.555
242.549
283.637
313.137
222.102
221.563
195.67
127.211
112.699
107.436
113.037
151.98
113.571
122.115
153.953
163.584
207.172
246.055
222.72
240.481
196.904
211.374
188.325
211.124
246.397
314.063
285.763
275.978
285.34
161.949
177.243
125.064
112.982
111.722
112.598
132.608
111.186
120.646
139.847
144.709
174.569
222.805
210.644
193.775
172.862
188.936
144.727
144.173
163.72
234.729
227.323
216.675
226.153
168.192
178.917
126.482
108.914
108.602
116.548
106.944
112.129
138.704
169.008
228.365
228.145
244.358
231.427
306.151
149.305
165.618
169.661
192.697
191.253
231.337
252.769
295.305
204.169
213.236
172.191
151.077
110.158
105.442
104.493
103.237
111.323
129.117
153.757
189.255
200.783
205.539
187.876
230.713
168.135
168.606
183.478
217.448
208.25
232.681
238.955
255.111
209.431
185.972
167.945
119.949
115.441
108.1
104.722
103.342
112.854
138.393
144.876
158.201
227.222
251.279
230.867
240.918
195.885
208.425
217.827
244.455
234.9
258.422
273.521
290.495
232.432
217.743
178.355
143.325
119.608
111.958
108.062
105.297
115.392
139.474
165.163
224.393
272.492
317.386
265.835
244.82
225.74
250.823
266.032
301.174
261.155
258.159
287.768
301.594
225.221
212.047
181.059
140.731
117.779
109.175
105.739
103.953
115.996
155.939
154.998
187.592
243.833
251.545
225.088
283.468
223.924
236.842
242.004
258.345
242.633
258.253
277.127
274.811
231.241
233.073
191.157
129.059
114.659
111.691
111.983
123.397
113.859
128.73
157.123
201.713
242.704
288.299
380.9
312.109
301.802
341.277
310.943
320.064
320.728
382.558
356.537
318.149
323.225
223.373
224.777
159.899
142.012
136.882
128.712
139.474
130.964
148.294
161.786
167.37
205.09
275.618
263.437
252.244
222.593
253.676
226.593
243.8
242.825
269.284
318.042
324.806
347.902
191.631
186.07
147.852
116.842
110.317
107.672
105.576
115.249
135.653
163.995
217.813
260.069
265.35
244.985
297.556
202.428
206.862
194.095
223.878
249.805
241.733
272.632
284.933
230.683
230.153
181.296
145.314
117.372
111.661
110.196
108.479
120.003
143.813
152.709
185.801
202.645
243.393
182.354
186.584
137.995
146.88
162.554
185.551
168.479
197.03
226.86
239.375
194.593
198.803
153.042
122.858
111.207
108.385
107.814
106.745
115.68
150.361
149.775
182.989
206.566
212.38
203.02
216.633
148.267
149.655
149.424
175.006
178.247
204.175
236.399
285.028
210.096
195.307
182.028
133.281
109.992
106.936
112.525
104.476
114.451
137.554
142.428
151.466
199.904
234.989
173.074
175.996
146.975
160.502
160.432
174.13
166.615
216.317
224.065
221.629
194.787
199.506
160.489
120.827
109.353
106.782
106.628
105.617
111.787
133.241
155.484
202.772
216.158
244.082
213.272
235.676
149.286
145.415
152.787
165.695
162.894
202.472
226.912
228.867
183.568
181.469
168.241
135.335
108.099
109.863
110.987
126.83
109.044
121.777
155.507
156.773
183.169
219.72
251.989
214.29
160.899
198.124
148.686
138.782
173.673
244.167
223.141
209.647
224.363
162.307
163.672
119.652
108.125
108.165
110.075
129.023
109.05
120.724
148.343
168.928
181.971
212.751
203.03
199.455
161.335
175.965
157.769
163.526
169.094
210.348
212.985
218.322
209.839
163.803
177.827
122.564
109.195
106.753
106.53
105.524
111.346
131.24
157.171
203.333
194.023
234.133
239.464
236.649
198.928
196.892
212.23
245.061
250.499
244.856
256.933
274.842
232.461
181.742
157.336
125.793
115.166
108.51
110.104
104.038
113.17
134.039
146.136
191.577
254.725
293.335
278.746
245.287
193.892
216.46
236.307
264.43
239.197
241.641
260.726
308.341
218.15
204.472
162.266
133.044
115.458
108.784
105.794
104.658
111.342
124.721
143.278
178.934
187.182
232.577
217.702
247.783
190.143
196.217
200.722
221.486
222.292
225.456
249.733
303.982
209.564
198.354
169.931
120.749
111.449
110.301
115.608
108.312
111.065
125.943
162.351
206.616
230.478
254.21
222.005
242.044
185.506
191.291
192.951
225.185
212.709
239.307
269.418
289.126
187.199
184.182
170.292
147.09
109.093
107.49
107.909
107.054
112.79
141.114
164.205
178.667
211.272
241.394
194.157
200.078
153.945
185.323
175.068
195.373
181.67
190.878
213.165
248.995
181.421
182.509
195.383
127.662
108.575
104.766
107.912
129.455
109.436
120.619
140.016
148.479
189.885
251.82
208.614
218.004
184.929
213.949
167.099
177.696
185.901
256.639
264.569
247.936
253.808
165.788
179.026
129.124
110.7
108.825
108.779
109.441
116.073
111.938
122.799
136.163
144.828
164.875
238.805
279.671
204.707
209.452
249.38
211.142
201.424
197.615
232.132
287.735
259.363
243.964
163.383
176.741
144.464
114.248
109.33
108.156
106.88
114.903
136.098
149.086
169.434
202.844
234.547
174.408
211.271
171.291
169.681
181.953
196.786
174.985
198.144
210.343
231.88
197.616
220.738
196.675
131.16
110.123
108.357
108.862
107.8
114.519
135.298
155.099
180.398
211.218
247.787
210.002
227.623
144.288
151.568
162.789
180.205
181.072
190.663
213.934
232.974
198.8
174.137
158.682
137.5
109.804
106.349
106.325
104.969
113.717
133.366
158.787
204.7
225.083
213.337
195.609
207.397
147.291
156.696
175.297
179.16
162.738
191.42
231.504
275.672
189.659
180.01
153.836
115.781
114.86
108.96
110.298
104.538
113.216
132.093
150.337
168.014
167.826
207.209
178.619
168.291
158.022
142.869
149.39
171.367
169.149
195.001
233.462
242.42
195.787
173.857
173.857
133.338
110.668
108.085
107.932
106.782
113.238
133.243
149.145
170.992
188.17
207.674
179.348
241.163
136.211
142.386
153.418
171.727
167.238
185.321
221.15
238.959
195.897
183.714
147.47
126.782
109.722
108.334
111.205
134.77
110.919
122.069
138.728
157.696
159.274
207.251
247.119
211.189
164.311
167.23
151.966
158.641
182.569
275.604
225.289
200.718
206.188
165.141
176.594
124.673
109.695
111.75
113.043
130.397
110.92
122.172
140.927
154.67
154.981
217.346
231.509
213.404
164.206
198.003
156.865
155.699
176.312
228.937
231.831
218.183
219.969
168.629
166.77
127.425
109.012
105.58
105.613
104.217
113.511
137.135
148.734
174.898
181.978
202.824
181.348
187.14
147.804
142.617
153.265
168.974
179.065
202.444
204.234
251.618
187.903
194.698
179.924
151.49
110.053
107.745
107.835
106.69
112.209
126.238
158.013
171.031
200.087
244.277
182.997
171.796
135.927
150.814
156.05
168.662
164.692
182.336
214.676
246.88
211.218
200.531
202.416
118.969
109.558
105.594
105.649
104.002
110.784
126.438
145.852
183.098
277.165
243.272
227.257
250.205
234.567
181.182
164.976
187.113
209.224
248.36
206.738
207.015
189.172
173.628
154.966
115.133
111.516
106.547
105.53
104.081
112.424
129.814
160.115
183.25
218.149
223.871
178.409
200.268
152.716
162.938
146.751
163.304
167.385
193.012
219.844
252.328
209.008
193.781
189.428
130.889
111.191
108.617
111.972
106.418
111.833
125.448
160.567
180.775
211.943
212.501
182.188
242.317
149.158
168.596
169.311
210.763
171.384
186.782
220.359
260.439
189.435
175.912
159.05
134.054
109.359
108.048
113.792
137.388
110.679
121.909
139.127
151.729
184.301
232.903
236.343
231.731
155.376
170.208
139.756
146.948
172.751
255.646
234.978
209.45
218.148
179.489
175.089
125.349
109.365
109.309
108.71
108.22
110.555
122.751
150.719
159.641
175.377
183.143
213.982
198.387
155.711
186.841
153.777
155.477
169.599
234.636
259.669
200.306
191.112
174.304
200.941
141.517
110.837
106.555
105.86
104.455
113.771
137.339
155.256
183.827
214.05
235.51
176.925
173.31
154.963
161.216
175.153
185.342
176.801
211.804
231.471
247.676
206.141
185.864
175.729
129.932
112.764
107.666
106.263
104.891
113.607
130.811
140.358
179.491
214.308
227.98
173.429
242.189
166.572
155.55
161.732
170.655
182.37
199.739
229.307
255.197
211.321
189.569
159.085
126.29
109.904
106.467
106.473
105.136
114.215
135.561
169.05
194.741
251.438
237.572
224.549
289.575
203.558
202.628
189.203
196.52
208.027
243.625
262.349
236.931
191.347
222.403
175.531
128.054
110.081
107.466
107.698
106.504
113.402
126.963
161.897
196.818
210.72
231.096
215.971
237.531
181.503
193.513
180.369
186.557
190.515
210.807
250.203
264.257
189.496
197.618
167.914
127.852
112.06
107.523
106.585
105.255
115.146
142.722
165.043
199.439
219.612
217.047
229.146
254.155
187.658
201.734
198.801
209.376
204.22
234.967
244.662
264.689
215.667
208.036
170.815
133.946
111.081
108.651
111.42
133.77
112.101
123.848
142.896
153.605
193.386
257.542
311.226
229.369
213.154
220.868
184.514
190.576
222.476
269.619
243.236
211.833
210.606
167.12
161.517
119.281
110.761
109.35
112.738
140.274
112.038
123.799
144.926
152.419
181.115
244.084
218.536
214.282
182.04
228.658
181.698
175.034
185.67
208.589
239.228
236.633
239.955
170.017
168.295
125.261
116.03
109.201
106.532
105.201
114.865
141.755
163.998
193.444
188.598
207.782
177.272
193.841
160.953
146.913
150.765
175.533
168.396
186.963
196.441
227.177
186.004
202.117
163.569
133.081
115.325
108.713
106.286
104.919
112.993
127.832
161.461
186.023
176.909
211.647
173.749
174.44
155.045
146.072
167.591
192.154
175.964
205.583
212.529
224.534
203.783
197.249
171.061
124.373
109.316
105.863
105.867
104.512
112.624
125.619
156.362
206.812
239.705
247.432
203.852
213.318
159.16
149.453
158.262
205.88
177.138
207.506
226.045
246.842
195.673
186.531
155.487
140.374
116.196
106.017
106.201
104.154
110.893
126.955
145.244
178.282
312.682
293.754
274.154
231.814
179.301
156.458
171.202
198.972
228.151
286.104
195.003
183.028
193.989
194.732
173.154
115.61
114.596
108.004
111.804
106.825
113.48
125.54
155.057
194.851
220.831
304.279
223.757
241.284
241.477
185.681
151.343
201.575
270.217
292.105
236.961
201.044
216.158
212.052
194.743
118.236
112.14
113.31
112.75
113.606
113.785
125.442
145.666
154.38
190.367
230.824
262.222
229.753
189.125
224.465
150.23
153.689
182.676
231.33
251.41
207.616
201.537
167.003
210.778
151.599
113.153
112.53
114.994
126.43
117.351
125.639
130.436
139.539
163.626
222.286
216.342
187.849
152.108
170.634
137.161
135.724
165.07
223.335
237.036
242.374
268.929
166.588
161.944
127.293
109.823
107.472
107.561
106.391
113.134
137.018
162.804
191.297
204.851
223.451
164.61
223.576
145.436
153.835
158.558
176.053
183.766
206.915
217.826
221.564
211.711
227.695
156.179
140.575
116.156
114.053
114.965
114.611
120.767
145.475
159.129
176.56
178.803
219.805
191.006
215.25
145.588
150.574
158.117
176.927
169.656
214.814
229.767
254.713
189.488
180.742
158.153
139.855
116.194
113.777
120.006
113.108
122.223
144.023
164.085
204.402
196.753
225.148
184.222
250.243
147.075
148.897
159.928
186.488
187.871
209.07
218.56
216.103
200.469
211.865
177.587
141.618
117.28
112.559
112.144
111.828
122.22
151.666
163.418
197.147
198.258
205.974
189.917
232.824
147.33
148.053
149.027
177.41
176.462
199.838
237.846
248.719
220.747
221.764
184.697
129.211
115.704
112.604
113.127
112.23
122.108
146.192
156.963
204.469
227.962
246.395
215.516
215.577
137.109
144.215
158.21
185.017
170.795
200.584
220.47
274.273
189.598
206.714
191.297
124.101
116.404
117.122
118.588
131.651
118.435
126.391
145.315
148.437
177.66
238.984
220.351
233.867
171.097
190.187
161.59
174.697
194.735
240.297
251.801
252.766
260.87
190.944
217.52
145.583
124.379
123.972
124.17
134.81
125.66
137.432
175.127
180.088
207.045
201.253
213.378
211.07
171.582
192.125
156.014
169.371
175.481
269.598
251.735
236.714
244.971
171.77
179.002
128.718
117.486
118.626
120.216
119.744
120.594
134.605
171.714
204.203
205.428
208.631
193.614
237.5
142.923
146.433
152.505
171.369
167.165
190.005
220.486
250.337
200.837
219.755
168.683
138.101
113.645
109.674
109.22
108.266
116.342
142.033
167.17
200.947
216.818
222.157
197.556
188.847
156.304
153.708
164.797
190.612
167.191
206.087
224.312
246.709
200.219
192.634
154.355
121.532
110.486
109.793
116.307
108.625
114.624
133.495
151.312
172.762
176.726
204.198
173.93
199.043
146.921
148
151.93
174.402
174.432
217.514
220.679
258.778
204.279
199.529
159.857
125.492
115.674
112.299
117.445
109.559
119.056
140.759
156.955
193.029
215.688
232.211
187.495
242.801
159.159
163.399
161.789
209.916
178.683
228.605
231.034
248.567
211.82
198.194
161.957
127.199
112.839
112.414
112.829
112.054
114.794
133.789
160.865
176.874
190.669
217.441
162.258
152.435
149.161
148.939
160.623
187.687
183.923
196.68
211.585
267.181
227.68
197.5
193.167
140.465
111.75
115.106
115.775
130.34
113.264
124.143
136.308
161.581
177.934
224.753
181.721
215.919
168.351
188.976
151.954
153.829
167.777
209.239
208.959
209.354
212.012
168.761
194.867
128.091
111.793
111.174
110.705
110.79
113.263
125.528
151.791
163.132
160.708
195.569
249.332
201.948
180.469
217.109
172.666
178.785
177.172
227.656
236.382
237.074
255.332
164.484
144.438
126.888
117.038
116.351
116.694
116.251
119.734
136.699
163.874
217.788
221.262
227.544
193.879
262.634
140.257
149.679
158.469
186.942
169.762
197.248
228.871
258.208
195.045
183.771
157.568
135.87
111.173
107.657
107.71
106.66
115.506
133.543
148.258
168.723
194.837
203.959
182.695
226.256
149.677
147.71
164.035
198.509
179.527
215.706
224.418
261.592
203.363
204.124
193.435
135.99
113.07
113.58
114.276
113.692
114.643
127.997
157.424
174.753
183.593
213.827
193.62
241.763
162.388
164.881
168.79
186.155
179.563
212.455
217.293
248.393
196.186
194.298
158.346
145.143
114.113
110.798
110.206
109.098
115.049
129.789
165.551
200.118
187.449
231.02
212.898
214.047
173.781
190.476
179.071
200.39
187.229
208.926
216.976
252.309
205.064
193.936
169.522
127.793
111.409
108.699
108.938
107.668
115.265
131.503
144.764
175.399
243.865
271.005
186.202
201.01
160.655
165.047
177.088
210.667
163.738
187.469
241.714
249.844
202.635
218.193
172.725
144.684
112.084
113.614
113.481
119.618
113.464
126.669
158.233
183.343
205.816
204.377
240.262
231.801
189.099
233.942
186.282
190.818
183.115
250.237
253.583
214.256
214.376
168.659
167.409
138.261
112.062
114.435
115.574
132.684
113.654
125.129
142.652
154.99
170.679
249.051
200.27
211.07
175.369
180.894
143.739
162.044
182.698
230.509
225.573
245.131
259.395
175.774
177.842
122.841
110.912
107.424
107.47
106.06
114.746
131.942
153.089
166.782
201.467
246.469
200.322
201.48
144.977
150.925
172.724
202.015
177.879
212.652
213.656
233.946
213.251
180.944
155.492
146.285
116.245
111.355
110.351
109.162
117.548
132.501
153.661
163.663
187.643
241.983
195.105
184.93
146.024
157.23
157.794
203.786
180.933
203.819
208.794
215.217
193.286
193.529
153.506
131.428
116.019
113.476
113.356
112.158
119.268
146.842
168.176
180.102
180.276
208.873
186.097
191.632
153.312
150.54
152.574
181.405
170.6
200.885
232.076
238.935
184.552
206.262
172.276
125.102
120.711
123.31
121.865
121.885
125.921
137.563
160.798
193.64
182.387
170.575
172.922
206.906
146.421
162.611
170.122
184.948
181.284
193.197
214.319
264.076
196.281
191.134
162.617
143.106
117.452
113.806
115.98
117.004
124.511
142.116
157.88
186.328
281.135
261.961
255.862
223.593
180.724
161.701
159.53
176.389
205.216
250.076
206.995
192.809
197.485
177.948
170.862
121.501
115.454
114.164
116.81
133.581
118.567
129.258
142.741
151.849
169.898
196.03
204.866
188.208
158.92
195.91
155.529
154.291
163.758
216.662
231.259
221.637
237.197
169.363
175.692
134.527
112.219
108.479
110.432
120.536
114.059
126.578
156.624
168.085
195.364
180.325
241.163
174.754
148.627
170.478
156.773
165.051
178.194
210.72
235.981
201.55
204.33
167.006
162.869
130.285
112.393
112.672
113.478
112.921
113.825
127.79
163.675
173.497
209.618
215.204
163.458
152.159
156.027
152.036
164.716
194.029
175.669
220.089
206.993
219.154
191.199
219.51
188.603
132.147
111.901
109.328
109.241
108.089
115.286
140.095
157.876
174.251
196.725
238.472
165.896
224.579
135.762
140.168
151.417
163.838
172.593
191.013
225.026
251.891
216.985
198.595
180.461
140.476
112.469
108.338
107.952
106.733
115.958
140.228
168.458
196.414
232.12
232.911
186.989
255.708
146.773
156.117
158.012
185.873
177.848
202.837
234.981
267.545
209.519
185.122
203.574
128.655
115.513
115.046
120.228
110.353
115.754
137.629
160.574
209.738
216.534
193.969
190.028
183.754
145.212
155.211
158.809
175.935
176.681
202.083
234.108
253.4
194.149
231.332
181.535

