"E+ Electric Use (kWh) - BEMCmpMgr 2022.3.2 (8731)",1
"Tue 16-Dec-25  09:10:27 am"
"EplusElecUse",Hour
"EplusTotalKWH"
26.7162
25.931
24.736
25.2005
25.9688
48.5062
52.3694
57.9263
61.1298
55.2023
72.0154
51.6747
47.6036
36.9098
39.4535
26.6987
41.5594
61.9233
63.9693
52.4447
40.6343
47.4576
48.9939
33.1247
24.3039
24.0823
29.8548
29.6573
24.5801
24.3169
28.4919
41.8047
46.9677
41.8657
53.4995
41.6454
25.9055
36.4258
24.8038
33.3111
35.4281
43.229
52.4672
38.9937
60.4842
53.2299
34.6819
32.2135
30.8773
21.2312
21.9893
23.1038
30.4193
24.8009
39.8197
29.4509
42.2915
47.684
59.1065
46.6964
50.0321
44.4326
39.7416
43.1579
37.2687
44.5138
65.029
62.5247
55.5525
53.4446
37.1738
43.6596
25.3797
23.7433
24.1462
25.5672
31.5714
26.392
44.9445
55.7058
56.3408
51.0979
54.5782
59.6409
58.8915
51.3408
50.5092
33.5653
46.514
33.4642
62.5446
54.5322
54.3721
57.9672
32.8858
30.8686
27.1404
23.8578
22.9347
32.267
22.9316
23.3897
31.1289
44.2214
44.9121
48.3502
62.0799
43.6779
43.641
35.8106
30.4819
40.9987
36.799
42.8364
38.8069
41.5529
50.6402
38.2843
38.8369
43.5843
27.9217
21.6222
21.0531
20.5164
20.4111
22.7294
40.1837
42.4514
49.0273
50.2595
37.571
46.8006
24.8355
33.9695
24.5384
32.3212
37.3134
37.4548
52.4783
45.7903
63.969
41.3841
43.9055
30.2191
25.7549
19.7995
19.6388
21.7831
19.5782
23.0386
38.357
39.1976
28.2753
38.1673
34.0596
38.8003
25.8204
35.0422
26.9041
41.4996
33.4067
36.2075
52.7603
43.2463
51.7649
39.2265
29.3179
34.8995
23.9762
21.7011
22.877
23.845
24.6056
24.669
34.9362
44.2499
49.3143
46.2056
35.7482
44.2018
27.8425
24.8774
37.415
31.2355
42.1293
38.1547
37.344
55.0117
58.7538
30.6472
42.4644
35.2918
25.1913
20.5624
19.8678
19.9076
20.4505
22.3243
40.1325
43.1868
52.8599
53.071
44.7829
31.6224
41.7999
23.8982
24.0445
33.5961
27.7846
42.3831
45.525
57.0862
51.693
38.3458
46.9405
31.238
22.5704
20.1569
20.3429
21.7001
31.3155
27.5828
25.0019
42.4946
43.7387
50.174
47.239
51.9852
63.994
35.7635
49.111
32.3384
48.0216
42.7777
66.7565
47.8808
55.0334
43.1598
38.317
33.7869
21.4907
19.8244
19.1422
19.4235
21.4202
20.7564
22.873
36.569
34.4301
44.136
48.8277
50.6004
57.0414
45.78
54.167
39.3613
45.3955
41.2376
59.0614
45.491
45.1653
45.8635
29.516
28.4457
29.1173
23.4135
19.5446
19.6251
19.7449
21.6535
46.4552
40.3452
41.6397
52.3293
55.7508
39.8103
28.1527
35.6584
28.2237
28.6674
47.4445
36.6938
58.4158
50.5631
53.6232
47.9673
35.1226
49.78
25.2331
20.4777
20.7653
21.1099
21.3196
24.4414
38.2186
40.3177
42.5234
50.8474
33.8268
36.2711
23.8876
27.4865
35.5327
28.3496
43.3406
42.2884
55.0599
51.5506
49.1391
41.5555
48.1759
36.9147
27.0699
19.2507
20.8591
21.3856
21.4597
31.8847
26.8558
42.7026
42.1394
43.6091
48.3013
42.3636
33.6123
37.6291
28.8009
43.5133
41.7025
57.2898
45.4203
51.1664
42.3442
48.399
35.6557
30.2207
30.6723
19.2626
20.038
20.2979
20.254
20.8907
35.8157
44.7219
34.8295
46.4284
36.152
37.9885
28.7415
35.0448
30.6112
39.6481
33.9774
34.4927
49.7657
42.067
55.1256
41.6017
30.849
39.191
22.4731
19.8703
20.849
25.2658
21.0192
23.1491
37.9489
41.0398
41.3577
45.0799
50.5424
31.4539
37.7983
32.8624
22.3001
30.8035
35.5392
33.691
52.186
40.9633
50.8337
39.1773
35.0558
40.1675
22.7262
19.5164
19.2787
20.3299
24.3017
21.4291
33.9111
28.6047
37.7291
50.5739
55.7192
44.1291
58.3292
36.2824
50.2361
33.2462
44.1921
40.2682
55.2543
58.687
65.1189
56.2474
26.9856
25.0063
22.1618
29.4861
22.0731
21.7751
26.4091
21.3721
23.5579
38.8973
44.7119
47.2736
58.0005
48.0652
29.514
46.928
44.1453
29.025
36.6293
37.9663
38.4687
50.2727
35.5198
35.1778
43.3717
31.9094
24.8151
19.4723
18.899
18.9504
18.7408
19.9692
29.6177
39.3544
44.5258
61.0189
46.6749
54.3211
59.9671
39.0168
40.7799
33.4605
43.2412
59.33
55.1841
51.9004
46.9998
45.9534
33.2405
28.1875
21.0489
20.0491
19.4766
28.2357
19.8654
20.9965
28.3226
43.442
44.6979
45.1272
42.3015
28.8397
42.3906
22.4274
28.4615
33.8951
36.4212
47.8488
37.8127
52.2233
55.332
36.4562
50.5991
35.9787
22.7774
21.3177
20.8256
20.8969
20.7279
22.249
30.5863
42.5188
44.176
45.2049
41.6696
39.4625
46.9811
22.4588
31.5565
35.5522
34.0768
35.2473
50.9791
36.9408
46.1291
35.1107
31.949
38.8556
20.3096
21.3316
19.7331
18.9182
18.7346
21.6146
42.7123
40.5125
40.4433
47.6393
47.2806
27.0798
41.4674
32.3427
24.8175
33.8968
27.8985
48.0685
43.2144
44.1642
48.0795
40.3979
38.0022
35.384
27.9053
19.7933
19.3556
19.6575
19.4352
20.7718
34.644
44.4972
51.7925
47.4985
34.8622
39.9846
51.0116
25.5747
32.4773
38.2871
38.5021
54.7274
48.1672
60.2504
49.2219
48.3252
43.673
28.323
21.0102
20.0421
19.5341
20.1507
22.0097
33.6294
27.5986
26.0831
41.7211
46.4559
49.167
59.006
46.7106
34.2299
46.8661
29.7279
45.7085
32.5193
51.3362
52.2331
40.3512
50.335
42.2563
34.6093
24.7042
20.4401
20.3846
27.3436
31.242
20.9988
22.6842
32.3758
37.4442
38.1162
58.3012
50.5722
40.1082
27.882
36.0194
24.8747
29.9035
40.7379
52.2506
50.81
32.7475
44.1917
35.7194
43.6793
23.3322
21.3795
20.8306
22.2679
19.7402
21.5141
37.6952
42.6605
50.492
50.54
44.4363
45.0624
64.1202
27.8486
26.4794
36.9617
28.8709
45.185
38.2843
57.4426
56.8571
41.9373
35.0715
39.8114
21.0084
20.6645
20.1019
20.4731
20.6622
22.2616
43.8149
40.2176
41.0693
47.9269
38.2301
26.431
40.8445
25.458
36.13
27.3803
36.4147
46.3407
40.8881
50.5853
57.3624
45.7589
44.4875
33.0743
26.1589
19.9331
19.2139
19.0525
18.8796
21.001
34.0663
42.0682
44.3751
46.4258
48.8412
33.1973
46.6612
28.317
31.9674
31.0774
43.0968
36.1475
53.9249
46.7719
46.4945
42.342
26.916
38.3584
24.6002
21.1593
21.5202
23.6834
22.0134
22.6571
50.6912
42.671
46.0559
47.3353
43.6716
39.5329
52.4815
25.4219
33.5986
31.9404
42.2798
37.4974
55.4331
43.3648
62.3009
39.0214
30.1386
36.4142
20.8741
20.3972
20.7907
21.1282
21.5939
25.1925
38.78
41.1956
48.354
49.9134
39.762
33.5013
42.4966
25.5398
26.1374
33.9407
31.0704
42.4746
47.4221
43.7525
59.5791
44.7275
39.861
29.6734
22.5983
19.3717
18.6996
18.8881
19.2307
19.8209
21.9571
36.8786
32.8952
39.6934
57.7028
55.7046
27.0372
35.3463
48.3612
33.7119
43.6009
46.4841
56.6239
55.3078
38.3905
42.554
34.0661
55.653
24.4011
20.4534
20.4588
22.1054
26.6011
23.8449
25.8678
28.1405
40.1645
41.6558
43.0039
48.4825
42.4097
30.9684
36.4543
27.6642
36.5853
34.5686
47.3644
55.5291
42.8158
48.2363
45.4113
32.1864
26.0656
23.8331
23.765
23.696
23.7578
27.15
41.9151
44.195
45.9049
51.4998
51.7259
39.6964
22.9713
26.1435
35.8319
32.0904
37.2221
44.3243
47.6851
59.8292
55.193
47.3895
41.8769
28.0112
37.6945
23.7494
23.4828
23.5945
23.4908
24.5329
41.1619
42.325
46.7544
45.647
49.4958
51.8231
64.7062
24.7724
36.5692
30.5953
34.1651
49.6087
44.029
57.5609
56.9396
33.7399
37.8184
44.1543
26.9478
26.1167
26.5492
26.5161
26.6023
27.9022
41.4965
57.0861
46.3626
42.5062
47.3149
39.3018
26.6948
33.0888
26.4091
39.9762
41.8173
35.0105
44.3996
51.5837
59.929
39.6159
42.5751
38.5032
28.5324
26.8249
26.4233
26.3405
27.3646
29.3515
50.6635
58.7406
51.6998
48.3935
48.8967
33.0437
37.3763
33.236
25.8168
35.3135
42.5005
37.1085
45.8723
65.7712
66.6982
39.1964
53.4839
45.5199
32.6924
29.575
30.4501
31.7121
32.0758
31.3538
49.9092
59.9154
46.4061
44.2726
36.4923
43.4488
27.6906
21.6792
33.851
31.4994
29.3439
51.3461
54.611
36.4314
47.4727
59.1381
37.9356
32.514
38.2491
28.8066
29.4092
29.6552
31.4373
29.5989
37.7086
44.0278
36.0044
46.1488
46.286
48.1071
45.3229
31.5903
47.2877
29.1506
40.9463
32.0788
54.1387
57.6812
45.4075
42.044
53.4065
41.1288
26.7312
25.2549
25.5335
27.0909
31.4956
27.3591
28.5323
45.4997
48.1954
45.3416
48.9117
37.1031
47.3347
34.0409
47.0407
38.2884
41.1562
43.9899
56.6141
57.3221
43.38
47.2216
37.6429
27.914
24.9102
21.9992
23.5152
23.7307
31.6615
33.4915
37.3307
47.7801
45.6719
53.1346
35.3602
34.1285
28.9459
25.7842
31.704
26.4926
35.5892
35.0236
41.041
44.3495
52.4954
44.7096
36.4357
35.21
31.1294
37.2553
21.5325
22.3046
23.0664
25.2761
37.5317
44.2523
47.2259
43.4056
43.0833
43.3737
41.1835
37.551
24.1546
23.7228
43.0025
36.2076
43.4503
50.4665
56.9624
35.3193
32.0641
42.8548
24.421
23.1216
22.7551
23.1832
23.7223
25.1098
45.0684
41.6795
42.011
44.2502
35.9906
40.6684
32.6276
30.2526
24.2419
32.8921
29.8631
50.9991
52.6625
41.0568
51.3577
35.1736
40.5603
30.4631
23.7217
21.2457
22.0595
23.4191
24.1479
27.8478
51.4601
46.601
46.214
49.2728
38.3068
50.458
42.5999
25.1341
36.4812
28.3415
33.7695
40.8968
36.8489
50.015
42.9067
37.2496
41.8641
25.495
21.1185
20.8216
39.4706
23.9141
24.2791
23.2146
37.9093
43.338
47.2903
48.7928
33.9845
37.99
38.3066
32.66
23.8745
34.5012
28.6375
41.259
55.2169
45.6293
58.4811
37.4633
41.2968
41.6762
24.721
20.7878
20.7675
20.833
20.676
22.2327
27.303
41.0379
32.8322
47.378
53.6863
67.016
59.3421
51.2495
56.177
47.8069
42.4122
47.9827
77.3236
69.3857
69.8848
71.6436
47.233
32.953
23.9486
23.2623
24.2069
24.4585
27.2398
24.1928
27.3228
39.3647
44.7891
52.2189
54.5684
56.2536
40.8347
39.8317
42.4737
34.4658
33.3219
30.0451
51.8058
52.2995
56.9544
38.0054
53.532
49.1383
29.5151
28.3101
28.4169
28.898
29.3071
30.7472
56.1691
57.0986
50.2902
69.6635
77.6086
64.7642
59.8188
58.2307
39.6733
46.5959
28.3238
42.3659
51.7361
32.9561
38.4221
44.9379
55.1656
45.0429
27.6333
27.7174
27.6987
28.124
28.6075
30.8448
50.207
58.6061
48.1182
46.9995
46.0797
38.5263
31.875
33.1741
23.0799
26.4883
41.0813
31.4989
40.9865
51.7108
59.9252
48.7485
41.1187
27.7328
33.5035
42.8736
25.6979
26.0135
26.6005
27.748
37.1431
45.3153
48.9757
47.6263
51.935
45.5296
31.3813
27.7392
26.0184
24.3179
38.6057
42.6766
37.6007
53.3783
51.6263
34.3281
44.3094
28.0644
23.6044
21.6741
21.7365
21.9736
22.0487
33.5283
24.5999
40.5305
45.0014
46.8856
56.3163
46.3889
48.3813
33.0296
36.1496
30.6797
46.8342
55.4911
45.7267
56.375
52.4896
38.3221
47.1228
30.1494
23.262
21.7927
21.3938
21.47
21.3193
26.5611
38.7112
43.0624
48.4919
50.5511
56.8754
45.7273
31.3317
35.0857
29.0004
44.2335
43.0184
45.1783
52.7204
41.3316
50.2667
49.0124
42.8704
31.3433
43.2492
24.9773
25.77
25.7846
25.2161
25.6011
28.9907
42.8469
42.9337
42.3087
52.7916
58.6509
48.9834
43.8318
42.2491
42.4664
49.0997
43.0853
69.9888
58.9652
44.196
36.3002
43.404
32.2516
25.7083
21.8494
21.8922
22.7277
25.6617
24.2847
25.3803
40.2984
31.5729
37.6458
43.9824
51.101
43.9611
41.4581
39.1496
37.4621
38.4097
41.4387
63.5505
54.8427
43.9336
38.9709
41.7013
35.0513
27.8662
26.5622
26.7785
27.3084
27.7085
28.9066
42.6248
56.3388
52.2854
56.5897
49.6733
35.4893
38.5425
21.9968
38.5291
33.7534
31.0334
50.9276
46.1717
52.1142
61.2493
43.5834
36.1819
34.3969
22.7732
22.9926
21.9167
20.9103
21.5532
24.5538
38.7498
42.3084
43.2393
50.2171
49.8596
38.7012
32.6769
31.3646
33.5851
23.6928
33.2557
47.4191
47.5936
48.9861
62.2727
51.582
52.6701
30.8955
29.5558
24.9526
25.927
26.8498
27.076
30.2201
41.3282
43.6295
46.3677
46.1086
38.3185
40.404
32.0626
22.6385
33.7166
27.913
33.5904
40.1909
46.9308
42.7796
58.4725
32.1991
51.7388
33.2639
25.1511
24.9773
25.8569
25.9922
23.5692
34.4148
39.1152
39.8576
47.156
51.5386
54.776
30.102
46.025
23.3969
23.0606
32.8393
30.2539
32.2081
53.5034
53.0837
54.3648
36.8253
48.9621
28.6493
21.1585
20.6251
21.35
22.3643
22.2804
26.3443
41.1566
39.8449
41.973
47.9872
44.3245
31.2694
48.9281
28.9291
23.4261
24.2226
36.689
42.1822
39.5714
55.0696
47.7555
31.1474
49.7278
50.7778
23.6491
21.319
22.039
22.5463
24.2154
23.0552
25.7325
39.8963
30.3105
39.3362
46.5187
59.3731
46.417
33.1052
41.262
34.5913
39.5481
36.7707
60.7707
55.9486
34.8534
49.0989
43.0237
35.2172
24.3833
18.8938
18.9849
19.0096
18.5735
19.4959
32.3532
23.7583
37.8033
42.1361
46.4907
51.8148
53.1589
44.5232
47.2154
29.8959
39.1855
51.0074
63.7081
58.8777
56.1923
58.1084
26.9925
25.1722
20.584
19.6588
19.208
19.3299
28.8581
20.8635
32.0418
42.5716
46.3886
40.4986
40.461
34.8834
25.4893
21.0452
22.4463
31.0259
27.0253
36.4139
51.4078
39.5349
57.2201
36.0922
33.0064
42.0605
23.7719
19.7874
19.3184
19.306
19.1287
20.343
33.4497
39.6839
43.4872
36.2576
44.9323
36.9182
34.5994
21.0663
28.573
24.2975
35.4753
35.9024
50.1342
41.5507
49.1146
45.8439
32.6317
25.4141
23.6887
19.6713
19.0343
18.9759
28.0944
20.7651
34.7485
39.2574
45.8049
45.0779
32.7074
35.9016
42.8042
22.7866
26.9994
31.5203
31.2251
30.7592
46.7641
42.5276
57.4989
34.1977
30.4391
37.3647
20.0118
19.6338
19.1048
19.0634
19.0506
21.0625
34.6061
40.8086
50.9588
52.2908
37.8675
42.4899
36.4135
33.964
25.9757
32.8598
38.2753
50.888
49.28
48.4711
44.3627
35.059
47.0859
35.3719
21.369
18.6635
19.5545
19.8787
30.6395
19.172
32.0973
39.539
41.4551
45.6872
52.7024
28.882
45.4035
30.6885
25.5095
37.8854
33.7633
42.6754
55.197
40.9174
52.5954
35.8024
48.2023
36.0503
20.8873
18.2979
18.1368
18.296
19.7175
18.5413
26.3507
24.7321
34.1529
43.4114
48.879
59.2045
37.8156
52.8328
45.9255
38.2641
42.3186
34.9955
49.5562
61.8611
40.9652
50.8792
36.6836
29.1496
25.1664
23.6709
21.9412
17.7064
18.818
20.9036
27.6682
39.1748
40.4368
55.3182
43.2923
36.7399
39.7129
46.2663
33.9196
45.0586
46.2966
56.3328
47.3577
49.952
58.4748
31.0498
26.6331
19.6097
18.3603
20.5354
30.1977
21.2365
18.971
32.1664
43.0721
43.2882
31.2175
40.1172
27.7499
31.769
37.4234
31.1459
42.1722
37.1236
50.4373
54.4899
46.0369
51.7406
34.5955
42.2709
32.8208
22.0326
18.9039
18.0349
17.7635
17.5515
18.9826
35.387
38.7974
42.3878
45.3447
38.1115
51.574
43.4099
37.0495
31.7479
38.4436
36.6555
45.8094
49.8004
49.1752
60.4811
41.3005
34.6124
32.7644
22.7172
18.8238
17.9986
17.7499
17.5449
19.9044
35.6138
42.0974
50.1371
43.5979
31.6275
45.3786
45.5763
22.5001
25.5195
27.1728
34.8673
40.6823
62.04
47.274
47.1391
33.1724
43.0357
30.7042
19.7095
18.5366
17.9359
17.8711
17.6276
20.312
36.2614
39.7708
34.1329
42.6375
28.7662
38.1954
30.4275
37.1888
29.0254
29.3826
43.8842
40.7633
47.7398
61.1887
47.8868
40.2226
28.018
35.6841
21.5338
18.2631
17.7499
17.7365
17.5313
19.4223
35.5946
38.6942
40.0662
26.6348
29.1923
32.8091
22.6387
20.6141
28.7285
29.7801
36.5427
42.7722
40.7212
56.9508
49.3362
39.1398
40.326
31.3076
20.9173
18.3166
18.1238
18.2423
20.1335
18.9264
27.7723
29.0839
43.5719
48.0624
45.5684
50.1097
57.797
41.9078
53.1883
33.775
43.9151
44.6811
65.2053
45.4744
43.5774
33.4137
36.2713
24.1478
19.3457
18.3359
18.5617
18.2863
17.4553
18.4331
20.2806
35.7613
27.4641
41.4397
45.3952
44.214
45.2769
33.8864
43.7592
38.8441
45.0764
46.8747
56.7638
54.297
53.3602
41.5673
39.7339
30.2928
24.1391
18.4331
17.8425
17.7851
17.5639
21.1571
36.5695
42.5803
40.7686
52.8222
35.7877
42.0338
45.7205
37.4803
39.4604
33.9031
45.9938
53.6479
54.402
50.5199
54.4801
46.271
47.7671
36.5985
23.2568
18.5707
18.7981
18.9041
18.8123
19.2369
36.5037
40.8507
33.2533
46.057
42.765
32.9547
49.4536
25.5644
30.2042
35.3072
33.7455
39.8344
57.1511
42.34
58.4003
33.1233
28.3102
23.3959
21.8051
24.9946
17.7772
17.7599
17.5578
18.9836
34.0976
41.2961
44.0663
45.0045
34.2553
35.8201
24.824
33.9139
26.507
30.2375
38.5427
45.0614
51.3614
54.5651
43.7298
48.2078
51.0345
36.4902
21.0638
18.313
17.7766
17.7606
26.7383
18.981
25.6381
38.746
40.6797
31.7887
30.6373
34.7973
33.6959
23.8477
32.1997
31.9179
39.5401
47.794
45.7205
49.7217
52.8747
33.9046
45.6228
27.2676
21.7117
18.8799
18.0131
17.7637
17.5611
21.7974
39.7366
42.0917
46.2023
37.0739
33.8518
37.1143
31.7661
31.0535
33.5836
44.4291
35.0801
39.4477
50.3822
42.2846
60.5998
41.4308
29.713
32.0406
19.3539
18.365
18.1656
18.5429
21.8654
18.4772
20.6215
35.0975
28.226
39.9383
51.9445
40.3306
43.8335
26.6086
24.3091
35.5028
32.0126
37.4946
62.694
40.1569
52.5668
42.6426
25.738
28.6353
19.2774
18.315
25.7005
18.3912
19.6346
18.4299
20.2425
34.8546
40.6892
49.0832
49.2948
53.075
57.2781
41.5509
46.8837
34.5658
36.6594
40.083
58.1387
44.7908
47.7856
51.7996
28.919
27.383
28.9494
18.1908
18.5227
18.7744
18.6934
18.8828
27.4601
38.3421
42.0818
44.6384
45.3798
42.4334
49.3049
29.8996
24.3565
23.0138
34.6959
36.2572
43.0717
44.9622
58.0062
41.4585
27.5302
38.0609
28.0288
19.1963
18.1119
17.666
17.4549
20.7584
35.7491
31.1733
43.5475
45.2227
36.8096
33.2015
46.2484
34.1435
22.8856
25.1361
41.0398
37.461
52.3645
43.6297
49.5955
43.9787
31.3049
23.8742
28.3222
18.6682
18.1523
19.8419
17.4475
18.8561
28.7788
37.7316
43.747
34.7584
42.1668
35.5242
29.4613
22.2854
33.6652
28.1558
49.4862
35.9099
44.4237
44.8702
31.9729
46.1196
34.2066
25.0344
22.9217
18.1331
17.8851
19.803
25.3889
19.5318
26.0684
40.5522
44.7803
54.6163
45.979
36.4224
44.2092
31.7065
26.7506
22.7602
41.8586
40.3123
40.1297
51.8412
48.9392
46.6354
32.5444
26.4063
21.9174
18.5445
17.7878
17.5811
26.9819
19.3442
22.6648
37.6328
43.7751
51.651
51.176
33.902
39.8401
24.8735
23.051
24.9884
33.6313
45.2557
40.4238
49.1279
51.0244
41.1136
48.7793
29.0807
19.0944
18.1471
17.5304
18.0877
22.2255
18.8941
22.6491
37.2359
35.0398
48.5863
46.9108
56.8811
35.5579
35.1265
34.701
36.8765
33.7656
36.8731
47.2397
46.8882
45.1236
45.4491
26.7289
28.6604
24.6297
18.2198
18.4563
18.959
23.8934
18.3157
20.2546
34.2956
43.653
48.831
48.5746
42.4492
47.2084
26.0705
37.8986
25.2158
31.3237
37.1945
45.4252
33.8264
36.4546
34.2113
28.0532
27.8783
27.4073
18.6841
17.9049
17.6665
17.4555
19.1186
27.8095
42.3096
51.785
46.1197
44.8597
43.9572
34.3727
30.5839
29.4861
29.3954
43.3974
33.7777
38.345
43.5745
43.5346
45.9152
33.6518
39.6124
25.7977
19.0488
17.6597
17.6535
17.9085
22.1583
37.0987
41.0357
45.7445
61.4503
62.5297
38.7107
45.4858
32.3521
49.8644
40.4522
27.9564
50.4427
48.6534
43.3766
35.5835
40.8981
27.1327
26.7638
18.8177
18.3896
17.5958
17.3761
25.4718
18.6443
33.9575
36.8166
32.9332
49.0783
43.1641
35.0747
34.1331
23.301
32.0239
26.2844
38.7401
32.4524
35.5824
54.5538
42.6467
44.5866
39.5112
32.2787
25.2307
20.8137
17.7585
17.4906
17.2841
18.7842
28.2359
40.9051
43.2606
43.5415
34.3203
39.7306
42.9542
28.6529
27.8653
37.6262
36.1939
31.4327
39.5594
43.0985
37.7175
36.2186
31.7739
40.08
21.1652
18.4806
18.2022
21.8302
17.26
19.4856
34.3975
32.679
42.8441
47.435
32.8038
40.4617
40.108
34.3338
25.4577
31.7374
32.5547
47.2938
38.5509
48.3884
50.1457
35.1633
41.1293
25.6116
20.5936
18.0376
17.8692
17.9834
19.3714
27.7611
20.7138
27.1734
44.8155
39.0678
45.6595
37.381
45.2052
28.3137
42.1024
28.4673
38.2484
37.7961
53.7621
43.3367
49.7482
39.5929
36.0652
29.2335
20.2494
18.1322
17.5074
17.8018
19.5009
18.1475
19.8624
38.1702
44.3871
42.5847
44.4638
45.9752
47.3808
39.1734
44.3415
27.8529
41.4544
33.0154
53.208
54.1472
37.4056
43.9915
31.1353
35.6955
21.18
17.9889
18.3386
18.5819
18.5087
19.9806
36.1623
44.0336
46.3637
40.4956
41.3919
41.1217
35.097
30.133
27.7699
26.6697
38.1459
33.3522
50.2593
47.2039
53.0379
30.217
48.4545
26.9052
21.108
17.9588
17.7307
19.6408
17.2542
24.226
31.4942
34.6796
41.1052
46.1674
56.1443
38.1901
30.5489
30.5727
22.1468
33.1962
36.9268
30.1349
40.6691
52.6659
53.6378
28.8756
52.3914
40.3753
21.4532
19.3255
19.1724
19.0703
19.0317
22.3561
35.5288
39.4046
43.9376
44.1073
36.321
39.543
40.0286
23.3605
22.5086
36.0303
30.4777
37.5097
49.9577
39.5129
60.2733
37.6289
40.3009
28.0645
21.6794
19.2104
18.4657
18.2852
18.0588
38.39
36.1294
35.5892
41.4394
44.2001
42.7083
35.963
40.5067
28.6764
26.6923
38.208
37.4482
44.5314
50.8494
54.3728
54.5105
29.1439
41.569
37.4685
27.4502
23.8898
22.1006
22.8735
22.7986
23.6142
36.5222
41.4741
42.7992
48.8128
43.251
25.7397
37.4975
22.2385
32.9323
24.6771
33.8186
38.8899
42.5975
45.0195
56.2783
34.1284
40.2377
27.4516
18.7548
17.8378
17.292
18.0344
18.0769
19.0479
21.5134
44.02
36.9235
48.8041
42.673
48.9787
46.8377
33.6782
33.8196
38.6112
36.3642
34.1334
51.2737
47.0016
38.7271
32.6372
31.9068
24.3161
21.0419
17.9101
17.7399
24.557
26.9098
18.4276
19.8063
24.2208
38.7111
41.2004
44.4663
45.7327
42.2326
41.2581
33.8647
37.2007
30.2437
31.8921
44.2689
40.4074
43.4164
27.4595
33.0916
36.4807
23.2068
17.8391
17.3488
17.3346
17.1178
20.6929
38.4997
37.6956
40.299
38.4988
28.5309
26.2624
28.6261
20.7507
20.3641
31.5883
26.8032
29.0995
38.7504
45.3652
53.6807
38.7976
28.7684
21.4713
18.8117
20.2334
27.7718
20.1201
20.2594
19.1814
33.8091
42.2264
48.2998
46.5134
41.3691
48.045
24.7734
26.0406
29.4113
30.2328
45.6942
39.5834
39.6558
47.3124
64.8946
34.7397
32.1823
36.1644
23.251
17.9162
17.6831
19.5911
17.1957
20.5433
39.0198
39.696
34.356
46.1246
30.592
34.2479
42.8139
33.7177
25.6596
34.1574
34.5172
45.6404
39.8285
45.8501
41.7131
36.919
33.1402
31.893
28.7016
18.0729
17.7931
19.6811
17.2904
18.8016
29.5749
36.6359
39.8154
32.674
40.1259
45.5783
42.6234
39.9558
40.5634
41.0197
41.4425
53.1488
55.6395
55.3202
53.3702
39.2343
47.9722
30.3962
23.8197
19.0486
25.0614
18.5068
17.3612
18.6771
28.2776
42.5623
46.8629
25.6623
37.3021
26.4351
42.0525
32.8474
27.0024
36.033
44.2571
39.4175
53.0182
39.8861
54.1406
33.0379
31.3242
32.5648
19.1325
18.1502
18.0413
18.3914
21.6706
18.2143
22.77
30.2525
23.142
39.856
55.1757
63.7225
54.3873
49.2408
37.6463
31.3777
47.8102
36.6033
64.0457
57.0949
39.4707
52.0038
27.3815
39.0013
21.2205
18.0808
17.9138
17.7714
17.2423
18.1376
27.7455
23.1697
33.2957
41.2639
57.1635
40.2671
42.4443
36.0815
43.9604
34.4748
42.6033
35.0964
55.1061
51.9495
48.6116
48.3711
30.0132
40.1994
22.256
17.9891
17.4961
17.4777
17.2768
18.5717
34.5721
38.3069
42.6308
31.2143
37.9222
34.957
24.1317
29.9008
28.6381
35.8027
29.0973
36.4799
38.4714
41.5678
56.7372
30.4041
49.634
40.511
22.2086
17.9839
17.4888
17.4688
17.267
19.7405
35.5101
37.1014
37.1825
46.2969
35.8266
43.4324
48.4033
20.5084
32.7556
22.3772
24.9491
40.0563
40.314
51.9849
48.1374
37.098
39.144
25.3943
23.2733
18.9578
18.9894
29.005
18.4668
18.7448
28.6204
41.2853
42.8604
37.8477
27.3793
32.3723
25.5146
23.191
31.9965
24.4057
36.8809
34.3076
49.2472
39.3337
54.0543
32.7012
40.7858
24.5481
20.5192
17.933
17.7053
19.6163
17.2273
22.0294
39.2579
39.1907
40.2512
47.4585
36.6258
33.1539
29.1555
24.7285
32.8381
22.0021
28.8423
38.9889
40.8769
46.1519
44.7196
43.6805
39.4554
23.7248
19.605
17.9221
17.4339
17.4188
17.2122
19.1921
35.4073
42.5088
44.5292
32.4132
38.3765
26.4943
36.1296
22.8539
32.116
29.9265
29.5645
44.7696
39.1162
48.0345
45.4584
34.2481
30.6291
25.4226
22.737
18.0011
17.8343
17.9506
19.3369
24.7784
22.3305
22.4635
36.4765
42.2904
55.5468
37.8782
42.6425
30.6625
38.1135
29.6688
38.5857
35.3547
55.4943
40.5858
45.8633
41.3562
28.1052
32.5271
23.7479
18.0355
18.3553
18.5893
21.603
18.0775
19.6353
34.6123
33.5318
41.1593
59.7025
44.1483
44.7542
35.5665
52.7074
42.3185
35.2308
43.7554
54.8969
45.8678
55.9544
52.6726
28.379
23.3666
27.6935
20.0501
18.8911
20.7616
18.4841
20.3943
36.8779
35.6192
33.8333
39.1847
33.7216
33.4513
25.7442
27.5641
23.7914
35.5571
36.1666
42.7381
48.8987
59.8383
49.0332
36.2933
35.6665
27.9705
21.6411
19.1854
18.3185
19.7501
17.3311
25.5721
32.919
40.7975
42.5311
37.1267
35.8559
39.1448
32.5534
33.1074
30.5506
39.245
34.4993
37.6237
54.7722
40.8633
45.7391
33.7746
47.322
38.3354
26.3828
18.0884
17.5595
17.5324
17.3348
18.6241
30.8527
42.0683
46.603
38.9636
36.956
34.9007
24.1925
21.7709
36.3676
33.9328
35.1807
41.6421
38.3641
45.9759
47.0622
29.6889
46.0244
23.9578
19.0204
18.023
17.5435
17.5453
17.3388
18.6482
32.0201
37.347
32.258
46.7764
40.6247
28.6866
46.4131
27.301
29.7008
22.5435
32.5547
41.8941
43.8098
46.8881
50.2275
39.4344
34.9777
36.8964
21.6793
18.5815
17.5185
17.0088
16.8175
18.0252
31.8258
25.2192
44.7755
45.7534
38.0421
41.529
32.4298
33.2059
27.6327
34.3885
33.7225
36.4665
49.0501
44.5875
55.2243
33.3995
36.4097
27.521
23.0502
17.8108
17.5283
24.217
22.9513
17.658
19.2535
27.8805
27.7289
36.5235
50.9462
39.829
48.6904
33.8644
46.546
43.7458
37.7249
45.4682
60.571
49.5221
49.5116
36.9958
40.7509
31.5894
21.8588
18.0807
18.652
18.3757
22.7193
21.8294
19.2428
22.3992
31.4377
29.6302
56.4673
47.0618
50.2827
40.3919
53.162
38.7911
47.0338
46.6298
64.2054
47.9445
53.2816
48.2672
28.9866
31.0634
23.1732
18.3429
17.3634
17.1622
16.9171
18.1684
30.7672
37.6599
35.3708
36.9356
40.5482
37.9909
41.727
40.0182
33.5759
37.8945
50.1497
41.9266
44.6047
52.4149
40.9925
50.9784
34.354
36.4893
21.5615
18.8635
17.5881
17.0573
16.867
18.101
30.5203
36.6099
31.9027
40.2637
26.6141
38.7752
37.5516
22.7723
32.9472
27.2627
38.0174
47.9802
50.0958
54.2996
41.1338
35.1015
35.1728
31.5339
18.4604
18.1154
17.3272
17.029
16.8432
18.3034
33.9688
36.8721
39.2654
38.793
38.719
28.2241
42.1029
20.5128
26.1582
32.9912
30.8703
38.6548
31.1483
47.8806
43.317
31.7806
38.4444
25.5458
22.6087
17.8865
17.4247
17.4027
17.2013
20.2486
36.9377
41.6332
39.3553
46.1665
37.8334
33.2226
43.4488
23.3475
40.5734
25.3944
29.0722
41.7727
35.3454
49.4477
40.7429
30.231
41.2585
30.161
20.4158
17.9344
17.5191
17.557
17.3878
29.1049
25.1508
29.1397
40.0115
34.9331
43.5804
33.3754
36.3614
28.9609
21.6026
28.0559
39.0957
33.1776
45.5843
38.0272
49.0821
26.4756
27.3971
29.6374
23.737
17.4198
18.1417
18.4994
23.1491
17.4078
18.9797
20.9382
35.5554
38.9967
56.0854
42.4318
45.0854
36.9984
34.0717
29.2229
32.1718
29.7785
47.926
39.787
45.5279
31.056
31.9515
29.1482
21.6239
17.4333
16.8681
17.1117
18.7998
17.43
22.9562
29.9916
30.2774
42.4286
32.3599
38.3882
52.5225
29.5088
45.2339
26.7794
35.938
37.119
63.7323
44.6931
43.575
43.7773
26.4899
27.1072
26.4386
17.323
16.8627
16.8448
16.6403
18.0376
32.1797
41.4245
44.2247
35.2111
37.8961
35.5795
32.3625
20.7742
31.2299
23.3231
29.9723
40.011
34.3692
46.4064
34.0092
39.8715
27.97
32.378
19.9331
18.4041
17.3639
16.9061
16.7055
18.1116
34.7001
40.7547
43.5261
47.8372
40.395
31.0465
20.8198
30.1653
23.1005
26.5378
34.9218
29.9789
44.6328
49.0077
41.2864
32.7697
41.9415
28.4446
18.3276
18.4225
18.4792
20.2104
26.975
17.9244
28.0134
43.291
48.2885
24.7221
37.7012
30.0352
40.6462
21.2929
28.2133
24.8527
32.1176
30.5449
39.7873
37.8531
48.4788
29.1521
31.179
39.7647
21.257
17.9225
17.1913
16.9393
16.7409
17.9341
30.924
38.3316
45.4054
36.887
45.5158
37.1738
41.2642
22.2993
31.9266
21.9209
34.8391
32.4924
45.3876
41.5274
42.6259
39.1795
28.4488
32.6554
19.9446
17.8982
17.1675
16.9178
16.7187
17.9093
30.5419
39.7274
40.3022
39.3809
39.2102
36.0142
23.2348
19.8126
32.2285
24.1531
30.4472
38.8368
37.8661
39.5866
45.2252
29.1381
49.2615
25.6971
18.3354
17.4544
17.318
17.6858
21.0068
17.4524
24.6807
32.3412
33.5403
44.2934
54.4619
49.5103
52.4225
32.5498
47.199
28.5424
41.5672
33.2114
46.9976
41.3122
35.6424
37.8386
23.7598
24.2768
19.4169
17.4338
17.2974
17.1486
22.1526
19.8117
18.7002
20.2021
27.6168
38.593
50.647
38.3667
40.9516
38.1145
29.8838
33.5648
32.8536
36.3026
50.9217
46.5114
29.6131
36.3424
31.874
36.2034
22.5746
17.2635
16.8021
17.3536
17.2045
18.5973
31.412
37.0628
39.2611
33.1541
36.636
26.5545
40.6106
22.1515
28.0343
23.8006
26.6041
42.6039
42.6797
40.496
54.76
26.7555
35.4846
24.0417
18.2448
17.832
17.0995
16.8504
16.6438
19.94
28.6425
33.6543
36.7304
23.0026
38.6015
25.119
28.8701
24.0381
27.5756
27.0157
31.8432
42.7461
39.3925
39.7686
48.2837
36.5839
38.9349
23.5739
22.3873
17.4606
17.2531
19.1544
24.9881
17.9772
23.6695
35.8814
33.4579
36.5784
42.3557
36.8679
29.9464
28.7264
26.0321
30.8537
34.9264
40.1675
52.7094
41.8451
52.5426
33.403
43.6601
32.2258
24.7561
18.6309
17.6415
17.2798
16.954
25.4991
28.2861
37.8353
33.2635
39.3218
40.2469
48.8381
49.2554
41.8026
38.8619
48.2338
46.4003
51.3186
55.8285
67.8818
43.3785
46.4817
42.42
41.6531
22.5444
19.1042
17.7049
17.2275
16.9416
18.099
27.6536
37.3679
37.9273
41.2117
49.569
47.2595
47.6866
31.1019
42.9093
38.501
53.6411
45.0659
56.1485
52.0352
58.9134
45.99
44.614
30.4595
24.7517
19.0085
17.7909
17.4012
16.981
17.6686
22.3475
30.3727
29.8165
43.3
44.4223
51.9733
53.5888
51.7396
55.9273
42.2972
44.1528
49.2262
64.8403
53.8049
54.0276
41.556
44.0911
28.3283
22.8901
18.7331
17.9247
17.4883
16.8907
17.6675
25.6021
26.9593
34.8437
35.8363
40.8398
49.9986
45.5695
41.5367
34.7025
31.0463
41.4983
41.8202
60.3304
40.9757
55.1664
47.8351
24.9201
20.7635
18.5729
18.4785
17.372
25.2018
16.8282
17.6482
27.4098
36.5392
43.3398
55.5948
54.8923
59.2148
54.3175
38.3099
34.5927
30.4616
41.2654
51.2648
47.5968
39.6621
34.3438
34.9523
29.2311
35.5051
18.4042
17.4758
17.0168
16.9942
16.805
18.0143
27.4406
37.4763
41.0481
29.0827
43.5386
27.4571
45.4724
21.6222
23.7355
29.8328
32.4889
29.2319
37.4685
46.3462
49.8893
33.6364
31.4122
29.6338
18.3965
17.4693
17.0107
16.9888
16.7991
18.4435
34.662
38.8157
35.1991
48.5103
47.9429
30.8933
35.0842
20.5531
24.9998
24.9447
29.6725
36.1246
38.7245
49.8104
47.5537
36.4624
33.2502
35.8513
18.4432
17.9872
18.0934
18.1036
18.0438
18.241
33.1168
41.271
31.2065
37.2514
33.9993
36.4265
24.3657
26.9706
28.4573
30.0448
42.7563
36.778
52.0464
42.4388
44.1793
39.208
41.1358
28.4459
20.8223
17.6004
17.0966
17.047
25.6199
18.0697
21.9342
37.598
45.4183
57.5955
56.9635
41.1914
39.8571
32.3297
27.6121
34.816
37.4387
42.4358
46.2527
52.1855
44.511
44.9517
45.9667
29.0363
18.6103
17.6528
17.4928
17.5938
19.0277
26.1866
20.2015
29.4538
46.2239
52.341
49.9024
43.6297
41.8353
44.5735
45.5608
37.2535
30.3933
44.7912
45.3968
40.3496
51.0781
49.6272
26.0872
25.2247
18.5788
17.6653
17.0812
24.6677
19.0644
17.6834
19.2667
28.2338
34.0181
42.7
43.265
43.0246
47.0617
33.233
41.2429
29.0751
39.6378
35.9395
58.5939
37.0841
43.6757
34.8469
36.1566
25.823
19.2534
17.2399
16.7884
16.7553
16.5735
17.974
32.9512
41.8415
36.0503
38.9767
32.5734
39.1375
27.498
29.9359
43.6683
39.1363
58.0131
46.9212
52.5213
43.3242
44.5241
33.4082
44.4279
25.2266
25.5203
18.4067
17.3802
16.9737
16.71
20.4417
36.5158
38.7393
32.2364
40.8319
37.6896
44.8092
38.75
35.6277
36.2991
38.181
35.8354
37.8724
54.9117
47.9889
58.6111
29.0879
39.7509
20.9413
18.3718
17.338
16.8772
16.858
16.6758
19.7336
27.9355
36.1541
45.1344
40.8664
39.0158
33.0979
43.6151
34.6675
25.2921
31.9223
40.692
39.8098
45.1633
53.1001
51.9478
46.3216
33.4342
36.3051
19.2351
17.4283
16.9363
16.8873
16.7079
18.0326
29.9658
37.5605
42.1036
30.6567
41.4976
23.9732
43.7197
20.6894
24.2916
33.848
33.5747
36.4857
55.3501
41.1707
51.7324
28.5904
38.3209
24.61
18.2856
17.88
17.093
16.8221
16.6463
18.5267
34.7363
42.5316
35.8737
49.0541
34.9456
30.0712
28.5086
21.4336
25.6026
38.1306
37.9647
45.0337
42.2321
58.4852
51.1731
37.0216
39.1108
25.8134
18.4834
17.4488
17.7246
17.6596
18.797
17.3557
25.2157
25.0414
41.7665
51.0491
45.2432
54.8941
40.7978
42.9323
45.1597
30.1689
35.9744
40.3975
53.9427
43.0835
50.4675
46.4891
27.9782
26.8326
27.3621
17.4426
16.8194
17.3262
21.0468
17.356
18.7819
29.6304
25.6902
41.3125
53.2587
39.9245
41.7926
28.1427
47.4963
34.4854
44.4086
48.6564
62.2931
49.7227
47.591
36.1844
34.5307
30.4855
20.7937
17.3892
16.8768
16.8347
16.6496
17.8144
32.7103
28.372
39.0697
35.3357
46.9406
37.2485
38.7824
25.4593
33.9516
30.5835
32.6113
41.1658
47.7346
50.552
48.791
38.6511
33.4566
26.2991
21.8206
17.3661
17.8288
25.2428
17.8951
17.8151
23.8389
39.1417
31.6732
49.512
35.3855
30.7991
37.3981
28.4161
33.1242
38.4115
39.2754
50.0486
46.2596
58.2539
51.3413
44.3597
25.2598
26.8772
26.9082
19.0042
17.5539
16.8145
16.6308
17.8106
33.0423
36.2858
41.4723
29.5367
47.8232
40.0134
42.2244
23.8748
33.7542
32.1787
44.1731
43.7168
40.0588
64.0988
54.7206
38.4247
50.5075
30.6257
21.2204
17.502
16.9244
16.8366
16.6338
25.1255
32.5913
40.2659
42.421
39.1045
43.5771
40.912
50.7814
43.7315
41.1948
46.3333
47.7934
51.5181
49.9463
61.6797
63.6014
35.0697
49.5547
35.8002
27.7576
19.2141
17.5707
17.0089
24.3043
18.0502
23.8136
40.0602
40.7662
29.7175
38.1195
26.8238
35.2091
31.0181
29.2575
35.6852
37.1233
40.4747
55.8698
45.4247
51.4759
31.688
44.3044
27.8748
20.394
17.6163
17.5063
18.5277
25.7429
17.3701
27.1845
25.041
39.0367
36.0301
56.6592
41.0519
50.1228
37.4658
54.9293
40.7823
49.787
52.088
66.377
61.7093
49.5962
51.9169
32.2476
23.1731
19.2793
17.8438
17.5129
17.8246
21.1008
17.3688
27.083
22.8814
35.406
41.2772
40.0151
46.3713
41.6146
28.4713
37.3917
31.7488
42.9869
49.3167
58.2326
45.1895
41.6937
29.7312
33.856
24.7617
19.5387
19.0365
17.5424
16.8148
16.6311
26.1564
22.51
35.2313
41.8572
30.4406
28.2946
38.1597
41.0933
28.7679
28.2379
26.3107
43.2445
38.998
50.1739
43.1581
57.526
36.8772
42.4843
24.4411
25.1501
17.3423
16.8392
16.7932
16.6128
17.8104
30.5534
30.7951
43.2332
40.362
48.2406
26.9579
41.0927
23.358
29.6216
41.0261
40.1588
46.8659
48.0356
54.8625
55.557
36.8001
37.3804
26.0059
21.1954
18.4818
17.6058
19.1409
16.6626
17.8256
30.8826
39.6961
35.4801
49.2459
34.9795
44.563
54.8762
30.4619
37.7113
40.5036
45.0392
47.1295
53.1352
49.6993
51.9938
45.3457
31.2388
24.8638
20.0723
18.2722
17.274
23.9573
16.7279
18.0516
26.5338
41.9559
44.9327
40.2355
43.6485
40.4318
46.5749
30.9252
40.5723
31.7625
38.2839
49.8933
47.3905
56.9221
56.3563
43.338
42.4413
28.0655
20.0225
18.9321
18.7946
20.2248
17.9294
17.8323
31.7247
27.4199
39.7282
48.5655
44.7336
41.7295
35.5616
34.4118
30.1198
44.0105
40.4561
43.7543
46.755
45.4672
56.4224
40.1316
37.2998
30.0341
19.9072
21.6448
21.7535
17.899
21.181
17.3759
18.9438
27.9226
24.9504
37.2739
39.5634
47.3613
51.9759
37.6344
51.0905
38.1332
43.6369
45.3335
69.0715
50.6427
51.941
43.4757
43.4758
35.2115
24.7566
18.4512
17.8346
17.6942
18.924
17.3814
23.7601
33.6356
40.731
48.9769
44.4087
54.4562
37.1723
46.2398
41.868
36.5977
46.688
44.57
61.1618
49.5712
45.775
36.2658
38.6192
31.312
23.328
18.2163
17.2297
16.9905
16.7204
18.0796
34.691
29.396
32.2556
43.6917
47.186
39.6964
29.7053
35.4076
29.6481
30.665
37.5533
43.5305
50.4553
51.7249
40.7173
47.6327
38.4657
42.8313
19.7789
19.1346
17.5345
16.9439
16.7395
18.0576
33.2338
37.5705
46.9163
41.1811
30.1237
36.6236
38.1679
38.2643
32.7044
30.5138
41.045
41.2053
53.1074
44.6563
47.0372
29.8182
29.5024
27.8502
18.6068
17.5523
19.2273
21.4818
19.3016
19.8553
34.9398
25.6928
36.5086
43.6592
34.5032
23.9227
34.7973
25.1475
35.0659
30.2682
34.2957
48.3985
50.0707
47.6468
42.3749
47.2866
28.2257
32.5366
23.9663
18.3688
19.2057
19.2336
19.2256
21.6872
36.8718
33.158
34.1085
28.5368
29.9763
38.6252
31.039
36.0193
27.5292
40.5607
36.0315
46.6542
56.2413
49.7336
50.1863
36.5178
44.4321
27.9936
21.0472
20.3656
18.9425
19.7976
17.1103
19.7878
29.3053
36.6501
34.9654
44.0689
41.0532
46.6784
40.2161
44.0331
42.6161
48.2169
49.2593
58.8487
56.5489
57.4057
48.494
48.0722
46.449
34.458
25.425
21.6729
20.8169
26.8249
21.3038
19.872
23.3273
31.2565
34.3456
41.3408
64.1963
62.4109
71.3368
58.4112
60.4244
58.0125
70.1628
68.7141
81.8794
70.9696
46.2785
43.0078
43.14
29.9149
25.709
22.7283
21.5937
21.9264
28.5566
20.4239
31.6616
30.629
46.6139
62.4263
58.8155
57.9219
62.2989
58.0841
72.7105
54.2528
66.0692
62.2105
72.6697
63.413
57.5733
50.6143
43.3338
36.5894
25.4331
23.2992
22.8497
22.1315
21.5052
23.5406
36.3281
41.2201
36.7974
50.6604
47.6531
57.1831
62.6865
61.5102
53.5722
53.0859
64.0425
60.5749
71.7315
63.9338
55.7948
51.0684
47.0684
40.4629
27.7358
25.0953
26.4858
25.1238
21.4118
22.7455
39.1785
42.4839
48.4343
63.4179
55.6708
58.8612
58.9024
49.3775
56.0011
45.4498
54.7671
59.3568
56.5901
62.2213
77.2125
48.7261
57.9215
39.2002
27.6212
22.5864
20.7071
19.4021
18.4791
21.671
32.2606
38.5289
40.1975
54.4282
48.9599
46.9986
41.6195
51.3168
50.1403
56.5498
61.6208
63.3842
65.1591
62.6309
67.0749
51.5282
46.0082
32.2558
25.4035
22.3556
20.6272
19.5083
18.8081
27.378
28.9024
43.6142
32.8669
45.3384
46.1038
49.2926
40.8801
44.1944
52.7499
50.3408
60.4633
67.8605
70.0779
63.4272
73.225
55.6195
45.9742
41.0081
24.8074
22.4853
20.9444
20.1187
18.9595
19.2547
31.0747
36.4984
43.9387
68.3112
55.3208
79.1786
69.7771
60.633
64.4291
56.041
69.7932
70.1142
67.7232
56.0549
53.2814
38.8953
32.0326
36.7153
24.2602
22.5888
22.3892
22.6753
27.0246
21.1354
29.6415
30.6601
33.9707
53.7302
58.9825
64.9737
57.5656
52.7217
65.3504
51.9342
56.6423
53.2335
73.7128
61.2432
51.0773
39.8108
45.9546
37.6637
26.975
23.1371
22.9886
22.6185
25.1311
21.9655
33.3629
33.3063
45.9275
61.9437
57.0758
65.479
69.3846
62.1866
66.0734
50.1438
57.237
56.7601
74.5923
62.8751
60.1777
52.5047
43.4429
33.4107
26.5324
24.9854
23.9588
22.7504
22.315
23.8317
34.8367
48.2907
47.1072
43.5485
52.2649
45.1089
66.5899
46.8386
52.8916
52.7017
57.4632
67.1078
59.6162
65.0153
56.4314
41.5505
49.5755
39.2858
25.9323
23.9514
22.6459
21.8303
21.0484
24.9378
34.795
44.0864
38.8487
54.7908
53.7394
51.5556
49.0028
50.308
48.5278
46.2454
53.4431
54.3339
68.6533
62.9777
59.6522
60.5283
43.8246
36.2064
25.1979
23.194
22.7058
22.1341
21.6142
21.6557
36.1328
44.9328
50.0618
48.6827
48.8483
54.4634
68.2117
45.5349
59.0912
45.3122
57.54
53.3733
64.2529
58.4859
53.8515
46.1464
40.7987
34.9642
30.7648
28.451
20.8605
21.9369
19.0571
19.956
35.8287
35.3855
36.2159
45.2989
42.5602
53.641
43.1769
45.0759
42.9641
45.3298
53.2339
51.1962
63.008
56.3672
64.1346
38.8506
43.3017
28.3222
27.5449
25.48
19.4928
20.6902
17.8993
18.7709
29.1743
35.8921
38.3827
34.0682
50.6426
34.4352
45.4276
41.3141
40.4422
48.0738
50.4424
51.7488
60.8673
52.3598
58.5137
40.9853
43.8679
28.5931
22.322
18.9555
18.5897
18.3571
17.7883
17.9042
19.8408
28.6059
24.5899
41.8244
49.4178
44.6295
42.9932
37.1982
52.9958
40.0907
47.1855
47.896
53.7837
46.6311
49.6529
39.854
39.1453
32.5481
22.3815
18.564
18.8734
19.1983
22.1136
17.7177
19.9578
34.4543
31.2181
52.6232
57.0343
52.5299
51.2705
41.6978
58.0106
44.9602
51.5986
48.153
57.4211
52.2994
45.8959
32.4796
36.4526
29.0727
22.2578
18.5586
18.2287
20.0589
17.5274
20.6199
28.7981
43.6453
48.5959
34.3513
44.0844
36.7726
45.3401
28.5279
36.5899
39.7107
41.2593
50.3891
46.5911
55.4693
43.1564
42.9076
33.8438
34.0806
29.8544
18.2857
18.0117
19.9346
17.4282
18.1817
25.3193
42.6881
36.1397
37.4947
36.1941
41.1972
30.0376
33.2219
33.6819
37.1243
45.509
42.2427
45.9081
43.7187
46.9142
39.3827
36.6868
39.1149
23.9169
18.2358
17.7033
17.6174
17.3822
18.7257
29.6736
44.9506
49.909
45.1972
38.6969
42.4072
33.791
30.8705
37.7886
36.6318
37.2514
51.8386
50.4662
55.4819
51.4997
48.2058
31.6696
31.9193
25.2557
17.9868
17.3267
17.2347
17.0689
18.393
34.8467
39.0135
39.6676
46.0638
32.9216
44.8303
31.7565
31.7891
29.6375
31.0046
41.3971
47.3195
64.5305
51.3245
60.9387
38.9399
43.887
25.7423
20.5972
18.1952
17.4015
17.2256
16.9861
18.3187
32.3224
29.3936
31.2776
31.2113
35.791
33.0996
40.6613
40.0649
37.9257
38.4802
53.0265
51.6995
58.0272
51.308
63.004
37.4687
43.2552
33.0394
25.3438
19.5564
19.1776
18.3343
17.1912
25.9831
20.0746
26.9805
41.2705
47.6174
39.9559
56.9586
57.1367
56.2508
54.8588
57.3559
48.2423
63.3161
66.7517
56.9805
52.2212
39.5544
47.5274
44.2732
26.4135
20.9661
19.9223
18.9899
17.9083
18.8953
21.3127
32.787
30.2606
38.1316
53.931
57.0167
53.0485
50.0545
60.368
50.9236
44.8227
59.7969
65.9895
65.7488
45.4827
45.9682
36.8335
31.8109
31.3976
20.5681
18.9472
18.1006
17.4712
18.8549
32.0021
36.2824
48.9681
37.1422
47.3137
50.4732
42.3645
36.7219
44.2044
46.9659
45.4045
55.4463
53.6737
60.3968
53.5828
44.0619
33.9832
29.865
21.2982
20.0259
26.1353
18.7834
18.4743
18.6164
26.9841
32.8866
27.2478
30.8955
45.4729
28.9867
41.773
34.0396
36.573
45.8342
50.2873
55.1186
50.3039
53.494
52.0407
46.2684
34.6408
30.3316
29.5212
18.3234
18.486
18.5153
18.4041
18.6289
32.1808
26.178
39.6209
39.6374
43.7722
36.6543
40.4511
35.6175
31.9574
41.0328
48.5953
56.2742
54.1163
57.3359
41.5139
46.8735
40.9673
35.4556
23.3771
18.8752
17.7057
17.3046
17.0956
22.1772
28.5412
34.1455
43.5733
37.253
46.4409
41.1317
35.7769
33.9502
43.1176
40.8225
45.4775
57.4903
49.8599
55.0653
52.8861
38.4671
34.1642
38.2475
22.9202
19.5042
18.2169
17.6972
17.338
22.4548
30.8455
32.1392
30.4087
36.0699
29.9913
41.5686
40.413
40.2164
45.0251
42.251
53.8367
53.527
64.6371
60.172
65.1388
40.399
51.3026
35.6458
30.4547
20.6705
19.974
19.6748
20.6802
19.5128
29.2416
27.6307
32.3888
42.0168
55.7192
60.2465
60.6661
57.1957
47.0854
42.9597
52.4763
54.9683
66.8924
66.2552
54.0286
56.5829
40.6477
34.5575
29.2276
21.6671
20.8506
19.9593
18.6813
19.578
29.6376
27.7809
38.9995
45.5401
48.7502
52.3014
59.4176
41.1692
47.3636
40.8438
48.0118
45.2576
68.1237
53.4491
48.4776
39.0894
38.6778
31.5951
24.0526
19.0317
18.9678
18.9049
18.7313
21.4268
27.3146
37.5589
34.7479
45.358
38.2805
46.6125
35.0538
42.2354
32.2269
41.5082
42.525
49.4075
48.392
63.6434
58.4395
40.889
39.4662
38.6847
27.0541
18.5414
17.7164
17.5097
17.2033
18.6424
25.1307
32.3917
33.5884
37.283
37.0314
34.982
34.6151
39.0672
34.8467
36.6147
40.4236
52.2919
49.7189
61.6517
66.5757
36.854
34.7436
35.713
25.5048
19.2477
18.4834
20.0414
17.4077
19.0001
34.2381
34.0193
47.8177
30.9304
34.7163
37.0943
27.6597
36.7457
32.1422
38.6583
51.013
48.3486
54.9142
49.8927
62.2714
34.4145
32.0084
26.6552
27.5188
20.3475
20.7907
20.2461
20.0599
19.3064
36.1435
36.2468
47.0451
33.5018
43.495
33.0782
43.081
41.4345
39.8713
37.4971
46.6319
45.9025
61.3596
48.3222
56.3625
39.3726
48.7036
35.6241
22.322
20.3741
19.1842
18.7219
18.3648
22.1155
27.7241
36.5907
33.0332
42.4364
33.6267
40.5304
37.1047
27.8378
35.6778
42.9754
45.7977
51.3445
65.2426
58.187
62.6872
45.8203
49.1616
36.0812
23.1042
21.3021
20.3144
19.9933
25.2711
22.9083
20.1863
24.5955
33.9613
46.9067
49.2618
67.6962
60.6947
50.7363
61.4394
50.1291
60.657
60.382
71.8285
65.8195
57.3978
55.0877
37.5613
33.6115
25.6216
21.4471
21.1053
19.9938
18.6299
19.8141
23.4178
33.9862
31.9898
49.4923
56.9648
65.9166
65.8575
62.3757
68.5714
62.6267
55.5677
61.8182
78.0921
68.2769
66.1031
60.6632
39.7081
31.5137
24.7269
20.5451
19.4043
18.9606
18.4018
30.6135
23.3039
36.9358
34.1066
48.0895
36.8038
48.9818
64.0473
49.0238
45.035
55.6149
53.507
55.3448
65.3303
64.5514
59.3268
48.7173
44.892
34.0857
30.1571
22.8521
21.4005
20.8747
20.5585
29.1894
33.8907
46.6199
49.7482
52.8715
50.1981
46.2318
69.4184
48.8861
54.4515
49.4209
50.7332
59.1997
60.9528
67.0988
70.09
49.9048
40.9601
31.4423
26.7777
23.5906
21.4538
20.4247
19.8036
28.1044
32.8902
43.0479
40.0143
45.1739
48.0761
43.2246
59.781
47.1884
46.6865
47.2459
59.233
56.6496
70.1958
54.5195
64.0008
45.5743
42.6859
38.8425
26.2782
22.634
21.2053
20.4694
19.6947
24.224
31.5214
37.5521
33.1546
41.4119
41.9474
43.3578
40.862
48.8989
47.9273
51.8956
60.2385
52.9681
62.8064
60.7554
71.7543
46.8626
52.6954
32.6184
29.9954
23.3767
21.7701
20.774
19.981
23.8851
31.9105
38.8362
32.9212
42.9772
45.0135
55.8082
53.9729
46.2724
51.4952
51.4579
53.3463
53.8192
63.459
61.4561
56.4127
43.3376
48.675
35.3352
25.5168
23.6355
22.627
22.0302
22.8144
21.7937
25.524
40.3222
41.6528
49.7044
54.8869
58.5391
58.406
54.9336
57.165
58.3542
55.7652
62.365
69.039
60.7417
48.3118
42.7713
37.9516
41.6967
31.6463
22.1406
21.848
21.5892
23.9643
20.6127
22.9681
27.0223
37.409
47.7425
45.0141
51.9074
57.4707
48.2854
50.2567
48.368
44.1222
57.1469
54.8573
61.0771
50.575
56.7849
33.285
31.0047
24.8409
22.3581
20.5528
19.3391
26.557
20.0716
24.4056
40.7703
32.6686
35.3154
37.0104
35.3292
46.9949
45.0885
40.5823
48.295
47.4591
53.7232
58.5455
59.0798
53.7569
46.5638
51.0572
31.748
25.9084
20.735
20.1371
19.5624
19.268
26.679
20.9274
38.1774
35.4016
42.223
42.8358
51.9768
44.7791
48.592
42.5055
52.0491
53.4148
60.5219
54.4328
57.9158
46.2353
45.5337
38.1951
34.805
22.3096
20.963
19.3383
18.3883
17.8994
19.7036
36.3986
40.9203
37.128
41.3922
40.6707
43.3749
47.6214
45.0477
45.1968
46.5112
51.8665
59.0992
60.8808
56.9287
55.8452
39.7174
44.9922
29.0091
24.3
21.1758
19.3181
18.3634
17.9795
25.4427
29.9216
35.4862
37.9934
47.1666
43.8546
53.4701
48.1251
50.6913
46.0052
47.7236
59.1144
50.6345
62.1911
56.5833
59.5471
41.6053
47.8646
36.1174
28.3972
21.7145
20.3202
19.682
19.0365
24.4638
28.8338
38.5065
38.7573
48.836
46.6001
52.4444
61.6236
52.2545
48.8293
57.2297
59.8002
56.5063
67.4634
58.294
66.0705
51.216
50.9213
36.2201
24.9781
23.0469
21.3591
20.9528
22.3065
21.1706
30.6339
26.632
37.5497
46.7333
52.1178
60.1532
56.9124
50.9123
61.3967
53.0385
56.418
60.4426
69.8359
68.801
58.451
54.3029
36.7622
41.1433
26.479
22.185
21.3983
20.6097
21.1549
20.0895
21.8026
33.9044
29.431
44.1924
42.1541
58.1608
62.3264
49.0177
55.644
50.1361
48.3036
59.7247
72.9383
56.2147
53.1657
43.9348
42.9954
35.5104
26.7667
21.3506
20.3563
21.3522
18.2253
23.9316
29.5343
38.0437
37.0697
36.6176
47.6709
48.5387
46.5755
39.209
42.654
46.5966
45.5315
61.2428
64.9941
56.1542
55.6505
47.2741
45.5176
29.1813
26.5752
21.36
22.299
30.193
21.0549
20.0797
27.0973
43.9865
32.9912
45.5023
42.2447
40.6332
36.9213
48.2827
42.1143
50.157
52.2352
51.0482
57.7218
66.0081
57.6772
46.1636
41.213
46.9273
22.5776
20.447
19.0493
18.5388
18.0125
19.8104
34.0944
31.6687
39.4658
32.7641
46.032
42.725
50.9982
37.6955
44.3648
51.5037
54.2401
56.0981
50.191
57.0617
55.1747
41.8919
40.1933
28.9102
29.9603
20.4215
18.7819
18.0969
17.6476
19.1022
32.3078
29.4101
39.5785
28.9071
46.8389
46.3885
37.3087
35.3302
44.5821
41.9856
44.9466
54.1202
50.3715
62.8562
50.6052
46.4825
41.6635
39.0057
23.1443
20.4423
19.1796
18.4926
17.9235
19.4412
25.4685
40.1874
39.6111
48.7781
50.6501
37.5673
49.5175
40.8148
41.5432
45.7673
53.0358
61.0982
62.493
59.5706
59.0675
42.9919
41.9194
28.696
23.6558
20.1532
19.3925
19.4293
22.435
26.3121
20.5277
29.3976
34.7502
49.9654
44.9478
51.2257
57.0752
45.3942
52.7602
43.6488
52.9661
52.6855
72.1252
57.015
43.0002
38.6862
42.2203
37.4531
24.8903
20.7519
20.4827
20.8456
27.2793
19.2338
28.5529
27.4875
44.5944
48.0497
55.545
49.1468
55.927
51.5408
53.83
48.7763
59.1954
54.6743
69.3845
57.5205
54.1129
43.2591
42.1219
33.9607
28.8578
22.1027
21.3089
20.4041
19.764
21.3088
33.2992
37.2698
39.2507
44.6829
41.364
49.013
58.0191
56.4742
55.1794
58.102
56.7128
66.9265
61.2557
73.7861
68.7928
48.1776
47.5291
39.0313
30.5917
23.8089
22.3344
21.5514
20.6431
22.5534
34.7098
43.2997
45.801
53.1533
52.3239
49.2966
58.2806
46.7918
53.1455
52.9645
55.7309
62.2063
59.0097
64.6655
55.4588
51.2513
47.6675
36.7246
29.0629
22.8328
22.6005
22.0543
21.5415
22.0364
33.4801
33.0751
39.8366
35.7095
49.6934
41.6637
53.2971
47.1123
50.2425
57.9538
56.7882
62.6565
54.4674
56.9653
61.8259
47.2833
47.2564
36.6177
27.136
21.8402
20.395
19.6199
18.9743
22.3971
31.0323
42.7918
37.045
39.0101
37.6801
49.8671
48.3444
46.3119
45.4963
48.2672
52.2851
55.1879
57.1911
63.6159
54.174
48.8495
38.7991
50.3847
28.8073
22.2473
20.8341
19.9143
19.0085
20.5993
28.6516
40.1454
39.2705
44.5203
49.9808
49.7093
54.1794
43.6825
44.0815
55.2751
52.5273
54.2125
65.9247
54.0898
63.3893
43.8695
50.4939
38.0668
23.454
21.57
21.0043
20.6901
27.1385
23.0065
21.6427
33.4055
42.6773
61.3029
59.4892
63.1106
72.9313
71.1246
75.2222
70.4812
61.901
68.1886
64.6068
70.0118
58.0842
42.9934
49.6342
38.3814
31.5034
23.5888
22.1676
22.0338
23.4158
22.4786
25.5259
39.7386
39.3338
43.1328
61.1428
59.6066
57.6595
62.0589
60.3513
58.1434
57.7741
54.3749
72.7673
67.9853
60.6347
65.0522
37.9826
33.0341
28.6791
23.8057
21.736
20.7286
25.2778
22.8296
26.6904
44.4383
40.2805
39.9894
48.641
40.4226
52.2729
44.2988
49.4646
45.3779
56.1993
55.8278
50.1216
57.24
53.0314
43.0229
32.6426
30.1219
32.1047
23.7554
21.0878
19.2319
18.5177
20.5642
30.7925
33.546
26.9393
43.3972
52.7259
47.4557
52.2662
61.2114
56.3595
58.8563
63.0433
59.1539
71.012
56.2824
59.0236
53.1423
47.6885
35.3063
27.3115
22.4634
20.7685
19.72
19.0434
21.1461
38.6672
30.5474
42.3001
53.7444
53.8561
53.591
57.239
58.028
56.1952
58.3174
68.269
60.7635
73.886
64.404
66.0289
48.1714
47.4738
40.2453
28.4004
22.9457
21.3389
20.8837
26.5745
22.2559
27.9335
45.2014
42.0346
59.592
64.8651
61.8201
58.2096
60.0836
57.6259
58.0602
64.3371
58.8674
63.9373
72.3871
67.1091
51.828
46.1729
36.9256
28.6203
24.4559
22.9887
23.5225
20.4198
28.8939
25.9519
40.7547
50.955
55.6389
65.0803
62.5184
66.0327
61.9901
55.3854
55.721
65.6744
60.9054
67.8364
58.5411
63.903
54.915
43.5388
39.0198
32.1624
23.6322
21.9026
21.541
20.9105
22.4949
28.9434
38.3894
47.3931
53.5067
61.2171
71.595
66.2341
69.7852
71.3918
68.0583
65.2482
64.612
78.3348
63.5652
60.7377
54.6742
40.5822
41.2313
27.2359
24.87
23.3636
22.7283
29.5078
22.0743
25.558
33.0607
40.4316
51.6325
49.0789
61.3996
59.5491
66.9359
67.9632
62.1009
56.0077
64.0833
64.2439
60.3864
65.4873
57.8051
47.5428
36.3099
27.863
23.9678
21.371
20.7752
25.8057
23.2462
30.2858
38.8859
48.5444
53.5856
58.2219
65.5948
70.6056
71.8221
61.146
53.8806
64.7737
68.3397
60.8443
55.4837
43.4733
50.757
36.8854
36.7461
26.3386
20.5589
19.2672
18.6703
18.4627
20.6041
34.6854
33.8
49.3208
44.7888
44.1098
53.5822
44.2894
49.5293
42.8563
42.9043
50.443
56.6506
55.535
64.4268
55.6956
52.1579
39.8608
43.6648
22.3193
19.224
18.6759
18.6738
18.4273
20.4201
28.088
41.2358
41.6355
41.9546
44.5842
36.7373
56.5048
35.7334
39.1152
45.099
44.6351
46.7581
60.6895
57.5429
58.2445
39.7308
49.8436
30.2055
20.5193
19.5256
20.4026
20.2487
20.1704
27.5152
22.4805
44.2746
41.299
27.2222
32.8047
28.9948
32.4233
36.6657
37.8971
48.5786
50.434
49.1945
57.2031
56.1275
49.1218
39.8552
49.2446
32.9515
22.4789
19.5885
18.5526
18.2108
17.8711
19.4371
32.7953
36.1336
42.4129
46.8261
48.4867
50.8088
66.3762
46.2499
44.4856
45.533
57.6864
52.0233
53.9966
59.8592
61.7182
40.0443
36.8565
41.5332
23.0235
20.7651
19.1277
18.9305
20.3991
19.4626
20.9774
35.9349
43.1859
52.0081
48.8584
54.2465
64.2721
61.6886
66.1843
60.9836
62.3543
51.4969
67.4636
67.0227
51.7422
39.5059
46.5749
36.873
27.9692
21.0601
21.5494
21.6315
27.3641
19.6503
28.9068
25.3442
33.1738
53.9594
80.1062
57.6394
59.3719
57.5148
58.2549
53.6514
55.737
56.9435
51.1564
64.1666
61.946
58.2408
29.985
33.0335
23.8011
21.0723
19.3942
18.5649
18.2888
21.3566
34.6401
37.9057
41.0752
46.0317
38.8787
36.6916
26.0808
26.2849
36.166
30.663
36.6918
47.3481
42.9441
59.2184
46.6977
43.0247
40.7008
38.0593
20.1983
19.0052
18.3789
18.2634
17.9407
19.4716
24.8944
38.4736
31.5608
44.4367
37.6363
38.537
51.7369
35.4163
33.2158
32.4434
41.9556
41.0768
43.0046
51.9124
49.2999
42.888
34.9843
34.1271
19.6702
18.5557
17.9258
17.8467
17.6477
19.3219
35.1515
34.186
45.0953
41.3598
43.7099
40.3804
54.6476
31.3928
33.1649
42.1103
41.893
56.524
52.5226
59.8182
55.2075
42.4257
35.5734
40.0507
19.883
19.7846
18.3621
17.8185
17.6242
19.0042
32.7737
27.8142
43.0068
32.0224
43.0788
44.5736
52.1428
42.5034
39.7089
44.8552
53.0923
50.9408
60.9283
57.0762
54.7099
41.8218
37.7765
26.0118
21.8547
19.2603
18.2041
17.8789
24.7376
19.0151
24.6546
40.788
37.0541
44.3584
39.2582
44.2492
47.3731
43.7199
45.303
46.7433
44.5361
54.4532
51.2547
61.278
55.9538
42.1017
49.1279
32.5625
20.4988
18.9155
25.5272
18.2121
17.6054
18.5628
20.4643
31.1977
29.865
36.3329
31.062
44.4121
61.561
41.2089
56.3516
40.8341
46.8969
45.5218
76.6304
53.7237
47.7678
40.5778
41.5028
31.8669
22.675
18.9566
19.5018
19.3849
21.9828
18.5718
20.2923
35.6324
28.0304
45.7106
51.0553
55.9894
39.1684
36.7697
38.4807
32.3905
41.2181
38.5175
52.6697
43.5
49.6744
43.3793
33.5048
31.0648
22.4409
18.5204
17.91
17.8514
17.6309
18.9999
33.0819
33.821
41.3988
36.7626
38.5684
36.6399
29.5083
34.8272
30.4282
32.0631
44.4824
44.0416
55.615
48.3154
56.2722
39.3232
45.3817
32.5915
21.2278
18.5006
18.0124
17.9868
17.7759
20.9917
36.0932
31.8095
32.5592
37.256
33.0014
40.5121
33.9046
25.2915
35.3405
31.1343
39.9966
49.5169
50.0381
50.7701
56.8772
32.5123
41.3059
26.2379
26.3664
19.0199
18.1007
17.8154
17.6137
19.4545
29.3956
35.2652
36.8538
38.2724
34.8523
38.1612
42.6218
35.2192
36.6016
34.7394
47.5577
42.0588
49.6085
57.7366
48.2112
43.9683
45.8751
31.9732
19.554
18.4239
19.5908
20.0189
20.0748
21.8327
36.5987
32.9768
38.3688
36.8534
44.393
33.7836
34.784
29.0361
33.2809
44.0886
42.4471
53.2001
48.4366
60.0661
44.0543
39.9086
36.8692
30.1338
21.601
21.4619
23.8917
17.8575
17.6387
19.2355
25.7924
43.318
28.9463
49.7456
34.6424
32.6588
37.1121
41.7073
41.9476
42.6899
47.5238
46.2783
57.2436
48.4001
53.7709
41.3717
40.066
25.3087
20.416
18.9921
18.5384
19.0613
24.2664
18.634
20.4651
32.822
31.0047
47.0194
50.5511
43.2368
53.4282
37.2179
50.0291
38.6832
46.1319
45.6248
71.5292
58.4386
61.7717
54.4968
39.9394
33.9876
23.8639
18.8933
20.0303
19.8296
22.1058
18.5702
20.324
32.9155
26.83
43.7224
51.3595
42.4115
33.8252
43.8856
44.93
49.4772
44.0013
54.4357
57.0831
66.385
45.2561
48.4064
31.8338
38.9793
25.7871
18.8309
18.0275
17.8948
17.6592
19.0566
35.558
38.364
34.2552
39.9685
42.1267
36.3295
49.0449
38.6882
41.1156
48.3939
51.3642
57.4922
56.4148
66.8595
61.8737
36.231
31.9146
35.9869
24.1473
19.2696
18.2047
17.8541
17.6494
19.4878
32.867
37.141
33.9729
38.3532
39.8341
35.9527
54.8968
39.4737
35.9261
39.7991
49.8134
46.3088
55.5188
49.7676
62.4328
37.3114
41.7085
26.4178
20.3092
18.8556
18.084
17.9109
17.6525
20.2476
34.3743
32.0568
40.5753
39.5144
43.8465
43.3933
41.7976
35.7777
33.3114
41.8168
46.9439
42.0815
49.533
50.7767
55.2942
37.2221
47.3791
29.2488
25.7684
20.34
19.5619
19.4049
18.9923
21.8741
34.5434
42.7822
34.8675
50.8514
50.5067
62.6828
62.8152
60.4584
66.7725
63.0449
66.5947
73.5151
71.5015
72.1028
61.7385
55.4858
40.5263
43.0557
29.1565
25.3188
23.1954
21.8952
21.0851
22.6784
36.0544
43.3895
48.1121
46.3352
51.4902
58.6798
61.2923
53.4867
63.8064
60.1676
66.8806
57.0579
70.5555
59.121
64.5339
50.4926
61.8528
38.4989
27.5759
22.9577
21.2252
20.8094
21.9357
27.7892
23.1947
27.9751
40.0508
40.6037
50.6142
49.1218
58.324
52.5908
62.2297
50.9577
57.8776
57.9857
67.5084
62.7281
51.2056
38.295
41.9687
41.3969
28.1427
21.3777
19.8663
19.7039
21.1027
20.1404
20.8913
30.7271
30.7017
37.5542
50.2095
54.7479
53.1359
42.2666
50.4255
42.5984
49.4063
48.3849
64.8016
48.9619
50.9915
41.7007
39.0791
35.9098
24.4889
21.6131
19.6313
18.6283
18.3071
20.1171
37.2603
28.1884
35.1095
31.989
36.7149
33.4606
32.5265
38.0299
35.4941
47.9904
48.0066
48.6521
53.6799
53.3027
52.6179
37.3918
42.6454
29.8161
25.312
20.1267
20.1261
19.9659
19.7038
26.9429
26.8237
42.2578
36.9789
39.5242
49.2887
39.9428
42.5081
37.891
43.981
40.7714
49.0379
54.869
53.7454
48.888
55.8602
40.767
46.8155
32.9281
24.0016
20.6038
19.4675
19.051
18.5735
25.8555
25.6539
37.7023
33.0129
45.3589
45.2503
43.7101
45.0769
44.1985
41.4311
53.0307
50.9937
51.3364
56.7759
65.5985
52.5329
48.233
36.114
26.7091
24.3022
20.8544
26.803
18.8427
18.4619
20.6769
30.6893
42.1346
32.6816
37.4299
36.5521
41.1008
39.9613
32.8037
37.0115
48.0255
50.946
46.1418
52.6458
45.5772
51.0828
38.4528
44.6325
27.5754
23.2917
19.5745
18.7794
18.6172
18.435
20.8234
33.7821
34.4711
43.3956
27.4169
44.5664
31.1092
43.9471
31.1776
34.2503
43.6209
45.689
42.4782
58.2746
54.148
67.1392
37.0487
57.0818
35.4255
21.4489
20.1537
19.1831
20.2328
27.5892
19.7901
29.0977
22.571
38.0465
37.1623
49.278
40.4463
50.3644
37.5386
53.7158
37.7303
41.7753
54.6158
58.475
58.7684
63.1709
58.6126
27.8177
30.8058
20.7579
19.4134
18.99
25.9738
26.0753
19.2517
21.5045
34.198
37.2805
46.273
49.938
44.3067
54.6564
34.3845
46.2014
26.2225
27.6158
39.16
55.9042
45.1716
43.6834
48.9913
30.1594
27.5355
19.8326
19.3024
19.3482
26.8416
19.2953
19.7038
34.5311
40.9499
34.0583
39.3262
30.7699
41.0567
39.1448
21.8994
28.9298
25.1997
29.9871
46.1455
42.4814
51.1664
50.1271
40.2557
43.98
31.1053
28.1575
19.3385
18.5169
18.2757
18.0661
21.1559
36.3596
30.4291
33.6734
33.8099
34.88
39.6887
30.8906
27.2564
26.6876
36.4761
36.65
47.3736
46.6948
51.825
41.9134
41.9624
29.6868
25.9668
20.3653
19.6451
25.7497
18.394
18.1508
19.8646
29.3656
33.4388
33.2872
45.1083
47.5037
45.7358
50.1291
44.3183
43.4306
53.0314
52.5063
50.3911
62.2791
52.6561
59.9187
42.4775
45.8228
27.5372
24.0562
20.6647
19.5559
19.0967
18.6667
23.2827
32.7649
33.9498
34.2704
46.3372
48.6707
47.5786
46.0236
42.5013
45.9373
53.9433
54.8765
49.7392
59.9961
52.7296
63.5326
40.8612
44.3695
28.2346
25.5426
21.1094
19.5092
19.0427
18.5923
23.948
35.8219
35.6621
41.0108
45.8643
38.6444
49.176
48.2487
50.9238
48.1901
48.5701
59.3583
50.5258
58.1978
55.5155
55.0955
46.3723
51.6891
38.3291
22.9628
21.0551
20.6413
22.516
25.7735
20.3027
22.7725
23.0775
33.4449
40.7537
49.0218
73.4586
66.6883
55.9968
63.0882
53.3382
60.1042
61.5573
85.9277
68.1573
71.6762
71.8206
39.7807
43.4541
28.2259
23.4745
22.9232
22.5574
25.0576
21.9791
28.6755
34.3838
43.8305
46.5754
49.1636
55.7053
47.4789
42.6436
47.025
41.9369
48.8617
46.2424
58.9338
52.9916
64.8731
57.1453
42.3383
28.3484
26.0378
20.1989
19.165
18.8546
18.4638
20.1142
37.068
44.8214
54.3894
46.1908
46.3351
52.1697
49.7235
45.4198
43.9925
45.4801
52.1546
61.6086
55.6437
61.7915
53.2628
40.8743
50.0653
30.358
25.2025
19.8023
19.1613
19.0915
18.7733
22.3566
38.5922
32.1322
39.16
34.9539
45.0457
36.0887
31.0794
25.7405
29.0991
40.2788
37.8604
41.527
60.0454
46.4152
49.1083
42.9593
36.7801
36.889
21.4389
19.9997
19.213
19.0118
18.6671
20.8303
36.9152
29.8434
31.3632
37.6257
42.3983
44.337
37.0394
31.1423
33.3991
34.8688
44.2476
43.7135
49.7777
52.5122
60.4782
42.2597
46.038
33.227
22.5281
19.5346
22.8022
24.6692
18.4059
20.3156
30.2699
38.9977
31.9201
40.0376
33.5511
42.0568
33.8411
37.6814
32.9976
35.2775
38.7023
38.2769
55.2684
49.2791
50.7247
34.9905
46.5521
31.1831
20.228
19.6946
19.5557
19.5302
19.4312
27.234
30.0869
38.3722
37.3465
33.4259
41.6049
46.4116
36.0458
30.0724
37.3994
31.1152
32.8286
35.237
52.9557
40.2404
42.9693
31.5113
39.6558
25.4739
22.2425
18.9474
18.2896
18.8084
22.418
19.0663
27.5357
32.1151
35.2801
49.4522
41.7075
50.1946
46.904
30.9596
44.8819
29.9537
42.0903
39.4478
47.4307
39.8806
39.0455
35.2308
26.9468
26.4234
21.0791
18.9365
18.2753
18.5354
27.9168
19.046
20.9697
24.9085
38.0328
33.3833
34.8879
36.83
38.3019
30.205
38.8163
30.6078
40.4662
34.5644
49.2771
40.5809
44.4776
41.5327
33.6387
32.5674
23.6147
20.1632
20.4423
20.3274
19.9623
20.5947
30.3253
43.9539
35.0975
35.5097
31.6383
48.4455
39.8431
42.4835
32.1538
38.9936
46.4255
55.7002
44.9862
57.2954
51.0112
46.4541
33.8673
26.1667
26.3533
23.8358
18.9995
18.5246
18.2309
19.9974
36.2756
39.3537
38.6871
40.8631
43.9027
47.4698
41.2154
34.7977
43.1306
46.6757
47.7789
52.825
51.406
56.559
60.7689
44.947
49.1331
30.3717
21.6585
19.8872
18.835
18.573
18.2458
27.7937
24.1414
38.4972
43.7281
36.1255
46.3713
43.027
44.12
35.5863
37.4793
44.433
41.0412
45.4072
54.3216
46.9385
63.8571
40.4428
31.8373
34.0009
22.2523
19.7494
19.5644
19.4992
19.3983
20.3693
37.2141
38.5424
46.8241
39.4095
47.6962
38.8046
41.7406
43.5543
35.0169
36.9599
51.0409
43.2395
55.8243
51.2815
61.3744
35.6769
34.9576
33.9599
26.5273
19.0694
19.38
19.4996
19.3789
27.5302
33.6717
42.5533
42.4548
37.993
36.4163
39.0584
27.2948
29.2039
41.2126
36.4856
47.8758
41.7165
45.1611
49.4209
62.8006
35.2685
43.315
42.9466
22.539
19.111
18.3614
19.3689
26.8631
19.112
24.4138
35.3277
34.7575
51.3557
49.3231
46.2115
52.9901
44.4637
59.8914
42.7596
45.5775
42.2683
61.3778
56.2002
48.5954
32.6994
41.2019
33.6883
24.1535
19.5669
18.7814
18.7142
19.234
22.8675
19.6067
29.3304
22.8261
31.4677
39.9273
58.5242
57.9787
49.3813
50.5503
51.0158
44.4209
46.8531
41.2719
57.1303
51.0135
55.7527
42.5477
39.4659
29.5129
23.8756
20.3593
19.1986
18.7244
18.4982
28.9968
24.9242
39.0065
37.0277
41.8083
44.6521
36.1186
30.4965
39.6446
31.5754
37.6388
40.8585
36.4531
49.7067
46.568
58.3331
36.2683
49.0846
33.9763
22.6701
19.3202
18.7306
18.7158
18.4864
22.9934
30.6701
36.3457
37.3564
31.5689
45.2772
33.2913
37.9051
27.3149
27.8903
37.9502
33.9239
48.6819
43.926
40.3404
53.2092
30.9156
41.9789
30.7186
25.7395
19.2085
18.6604
18.662
18.4464
20.2827
33.8462
42.2525
38.8119
50.4842
30.3988
39.0994
35.3524
32.4667
26.8523
33.819
36.5308
33.5515
52.8074
42.3712
63.1847
32.8199
40.8441
24.4589
20.24
20.7031
19.8415
21.3002
18.8901
30.3492
25.1235
39.0195
30.3881
32.3756
29.1016
35.9938
24.7783
28.2672
28.2413
32.9797
32.4712
48.5576
40.458
52.9578
52.6541
34.1111
41.6203
27.5827
24.7725
19.1705
19.1161
19.1114
18.8843
22.3366
33.4607
33.7052
39.9679
37.9344
34.1442
32.3238
33.8511
23.339
31.7886
25.7155
33.3232
43.9557
37.2525
49.9807
46.0477
37.6729
42.5319
28.1015
21.9262
19.2627
19.4482
19.4459
20.5219
19.4461
29.1505
27.7182
38.3045
44.3627
48.1803
54.386
41.1841
44.6021
37.3568
42.8367
42.1665
39.6047
50.6791
46.2882
38.9933
42.0271
27.2974
31.5702
24.6538
19.2672
19.4524
19.4498
20.5278
19.4537
21.1863
31.7707
27.2157
40.7687
52.1815
56.0547
55.2121
36.5268
50.117
38.8092
43.7251
41.8627
63.4958
51.9159
41.2146
54.3184
29.5213
26.9419
25.8492
20.8001
18.6008
18.5946
18.3698
20.3649
31.9458
38.9664
38.8968
40.5138
40.2603
42.1085
31.2245
24.9807
32.1592
24.0125
34.1996
44.4987
39.0485
49.1218
44.9851
37.601
44.8198
34.5547
31.0964
19.138
18.5869
18.5864
18.3607
22.5468
36.9748
30.8525
42.2346
31.2334
51.6701
36.1339
29.7104
28.0255
24.339
34.9858
32.7881
37.4297
46.2648
45.6061
58.1247
30.6439
40.7179
33.6953
21.8663
19.2111
18.5397
18.5485
18.2853
23.6678
31.4458
38.8145
51.7755
64.2018
31.9514
47.668
50.4914
39.5647
39.0426
32.2192
38.2622
55.3899
51.7157
48.0392
40.1538
40.3314
28.4565
25.1353
20.1126
19.572
19.1206
19.1943
19.0195
31.0461
24.2022
42.2874
35.9788
43.5144
39.9193
27.2259
35.3529
23.2808
34.2021
29.2631
30.6405
37.2894
45.6305
50.1131
47.7543
41.5143
37.6177
26.7854
22.3795
19.6208
19.0687
19.1256
18.9258
20.5612
33.6959
37.9205
36.4096
50.3098
36.0724
40.889
48.5598
36.3699
35.9466
39.4741
41.6495
42.5477
47.2356
49.6374
65.0385
40.8079
26.9131
38.9893
26.8623
19.7668
19.5184
20.4253
27.5998
19.937
22.2049
38.1643
42.4762
53.0453
59.9393
53.3176
55.5481
38.5585
46.2825
33.2526
42.638
37.0817
58.3575
40.7068
48.8823
40.4394
34.8015
36.3344
25.0523
19.2911
19.0445
18.9159
18.364
19.4731
21.7644
38.0125
41.4861
46.1274
50.3565
53.9482
57.3693
43.591
50.6344
46.2234
34.9595
41.4703
56.5684
46.5971
47.2345
34.5347
41.9653
32.335
22.6498
19.3772
18.8396
18.7935
18.5336
20.4218
33.0263
37.3314
35.057
55.5073
45.2074
44.5647
35.0703
38.9262
31.5819
30.8018
42.1439
43.5732
45.1281
57.5413
53.2131
36.9451
38.3803
32.3724
24.1714
19.2257
18.6729
18.6703
18.9492
21.6988
36.3497
26.8838
43.8673
36.1989
44.1332
34.3415
46.9753
36.3774
40.0201
32.8446
38.2505
50.3732
55.5224
45.8469
57.6901
38.1373
36.8569
24.2903
21.9909
19.2371
18.6816
18.6761
18.456
20.0283
31.8632
44.0187
38.0805
46.7201
38.2414
36.5581
52.7074
34.7
42.1466
32.3289
32.7876
41.2773
58.6931
51.5283
54.9583
38.6295
37.3025
24.5714
20.3042
19.2233
18.6692
19.1665
18.9446
23.3278
37.2132
41.8447
44.5081
38.3049
45.353
38.5002
47.9534
35.1757
33.3277
30.4059
39.2962
37.231
47.7953
47.8888
61.1253
34.7011
45.9641
31.6994
23.2677
19.2251
18.6673
18.6624
18.9397
21.4355
39.235
38.1129
38.5747
47.8527
34.5396
43.4525
45.7111
38.6349
36.2558
38.4761
39.7438
40.3493
57.7662
44.3498
62.3304
37.3397
41.5154
31.4062
22.6709
19.3421
19.0773
19.5056
23.3296
20.007
28.1383
28.8251
28.7281
43.3089
51.7815
52.9929
48.7476
37.9737
49.976
42.0192
35.9846
53.1698
67.5247
51.0868
46.8588
37.7508
41.1262
26.42
20.4193
19.335
18.6452
19.9246
25.4571
19.5018
25.257
32.8182
38.8755
48.7172
38.2415
42.3604
39.6645
40.8227
42.6843
41.5552
31.5154
47.8098
47.9752
44.0162
58.9684
50.2794
26.8672
25.3623
21.0533
30.0829
19.8301
18.66
18.4388
20.2519
35.4589
42.3531
39.7183
37.0527
38.8109
36.3135
29.9145
31.6381
25.4068
24.0241
28.2663
41.6024
43.7605
42.0033
50.3318
34.984
47.8724
29.8457
22.4379
20.6921
19.297
19.1222
18.8987
22.8092
37.8986
45.5128
34.0243
37.5771
32.9962
36.6472
30.0518
26.1507
33.9995
31.2165
35.5067
47.1848
43.1962
53.414
38.9956
36.6886
41.7771
26.2673
21.8669
19.6689
19.1157
19.1112
18.8836
21.8455
37.2713
36.0451
45.1582
50.7152
37.873
47.5861
41.4407
35.2757
25.6922
26.0315
44.5939
34.9007
44.2225
47.8417
48.2567
40.2399
30.5304
36.1009
26.2634
19.9599
18.5632
18.5716
18.3107
20.1328
30.9936
33.757
45.5333
63.3639
60.321
61.2546
57.9322
37.4048
37.6973
41.1009
43.9686
59.1773
67.2126
35.4958
39.6907
41.2004
29.2218
25.8846
20.2351
20.6552
18.8627
19.0159
26.8688
19.5118
35.8161
36.6927
39.4611
52.8112
72.717
51.5247
60.4289
53.5406
54.6826
29.2339
52.4876
58.5778
61.781
61.2233
44.2421
52.0341
34.5562
42.993
20.998
20.0417
19.8818
19.8199
19.2884
20.4481
22.766
41.0457
43.0813
42.1757
44.9599
54.6462
43.5333
44.8853
42.292
40.9918
28.7564
41.629
54.9749
49.7801
46.8911
46.6676
34.8286
43.9382
28.1383
20.6156
20.2951
21.162
25.1011
21.8565
23.2583
32.7052
33.1619
39.3479
47.5116
45.1062
42.5378
27.9357
37.3789
24.0936
38.2114
37.4152
50.5996
56.4173
56.1523
50.1046
43.6411
32.4944
24.1542
20.6096
20.1832
20.2384
20.2617
27.4337
50.4287
40.5693
44.8369
48.3514
38.6213
36.5953
42.0681
22.2575
32.8595
27.9353
35.8184
45.6351
46.9579
53.6201
44.5129
35.2227
50.3826
27.3642
24.0787
20.97
21.4479
22.1618
22.8234
43.2586
53.907
53.6476
31.6161
40.2534
43.1619
32.2374
45.2163
21.7691
22.2627
33.4714
29.3814
34.802
57.7515
44.3439
51.0271
38.6476
30.4257
36.8935
24.9504
22.3447
22.4297
24.6469
22.4852
24.7919
50.6724
43.7946
47.2142
42.2666
36.0995
44.5429
50.8866
22.9661
33.3746
25.2579
36.495
52.6873
45.0666
49.3504
42.6907
37.1944
42.6973
30.4259
24.8097
20.866
21.1407
20.7256
20.4529
24.7533
40.4491
42.3875
44.4859
40.1984
26.9201
39.3662
34.8273
24.6208
32.1998
24.526
32.9649
47.4317
40.9018
61.137
39.708
38.6384
55.7249
38.0476
23.0298
21.166
21.4662
21.9693
22.2276
23.8577
47.1693
54.2219
48.8271
46.2653
48.6176
33.5492
41.4973
21.8201
22.3766
25.1998
32.4524
44.7214
40.1345
47.007
57.1073
33.2831
46.1667
35.5334
21.6417
20.7664
21.0867
27.6269
30.1117
21.5158
24.9767
38.0602
30.1974
45.0699
55.7283
53.1444
54.1658
35.5249
46.6115
32.9888
39.0508
52.4932
54.1928
56.2355
60.4286
61.5711
46.4405
43.2921
27.0075
23.547
23.3568
23.8352
24.0372
24.7306
33.5811
56.2743
49.3885
46.344
46.567
44.4996
44.7394
40.718
34.0935
37.7007
39.4432
34.7605
54.4549
57.5458
50.6119
59.9336
32.2859
29.0038
25.4471
25.3073
26.0145
43.329
30.851
26.3783
30.9055
46.1537
44.1854
47.7839
47.6939
38.1113
40.7268
24.3611
32.4916
30.7837
30.7538
37.5177
50.3707
43.5138
53.9727
39.6741
30.9577
35.1239
24.9041
21.9994
21.2914
21.0331
20.9479
23.2387
40.1829
42.3762
47.7988
53.452
37.1993
31.5977
39.3529
27.2288
28.6237
37.8098
36.1217
48.0279
48.6558
54.3885
43.5752
48.9582
44.9144
25.8007
21.9101
20.394
29.7122
24.137
20.4125
20.5179
33.3274
40.2931
41.7895
32.2086
45.6316
28.3676
36.8942
26.4885
23.5393
31.6686
29.2057
41.1668
48.8526
44.3997
61.6533
42.7691
33.7814
37.7239
24.1979
19.8524
19.6019
21.6469
19.2874
21.022
37.5236
40.4834
37.5927
37.0414
43.2055
39.3521
34.5608
35.0568
30.0611
37.0617
39.9598
50.4291
54.3619
50.2075
48.6407
44.7163
33.4853
33.7337
22.0414
19.8304
19.8499
20.3704
20.2567
20.6134
34.3953
43.4224
44.3324
31.4754
49.2551
28.7303
28.6042
35.9078
29.8526
30.4674
41.6466
48.1904
41.1281
47.8666
54.1675
33.028
46.8418
32.912
24.9462
19.9692
19.7132
19.8443
21.2078
20.2377
32.5955
24.1366
35.8837
42.2574
38.5792
37.2075
51.0891
32.9149
45.6961
30.5357
30.3916
47.2668
40.4835
48.6737
36.1092
47.6272
29.0459
43.1639
23.8265
19.4856
19.6789
19.6939
20.7593
19.7185
22.0262
40.7508
32.1499
41.5887
52.0623
50.5062
54.5316
45.2187
47.6663
45.3656
41.7515
40.4032
62.4947
52.9621
37.7455
54.1675
30.573
23.6749
21.7313
20.4528
20.4575
29.439
20.5214
21.1208
31.5057
42.8946
50.7139
50.0895
43.4171
34.6953
55.5026
28.0023
40.2184
31.3756
51.5612
38.1425
45.9059
48.5148
50.4935
43.1193
34.7406
33.2349
21.6725
19.8616
19.3054
19.4015
19.1983
20.7813
36.3458
38.8013
40.8345
39.2359
28.7489
38.1475
25.1689
35.9738
26.9239
32.813
45.7105
39.4207
54.8636
47.8232
65.1147
44.2007
34.5291
43.5218
24.6525
20.1123
20.1749
20.1379
19.9733
20.3838
35.4847
32.5187
40.7102
46.6522
36.4423
40.7742
37.364
38.1437
26.8581
35.9035
36.1742
49.7647
42.1088
52.931
58.552
34.8371
40.1525
28.0274
24.3035
19.9004
19.9093
20.4421
20.3338
31.7094
31.0253
43.7844
45.332
46.7954
37.5377
47.0217
34.5354
26.8707
37.5848
26.8422
34.3451
49.4009
45.7317
55.7303
47.2081
37.9306
41.468
30.9134
22.0801
19.381
18.8124
18.8154
19.0792
31.1736
23.4673
38.0762
43.6812
59.2078
55.2642
45.5924
30.8361
32.633
31.3643
40.9874
38.8993
44.6724
40.3604
61.103
48.2316
48.4829
44.5762
32.7394
22.7764
19.5015
29.8156
20.7236
23.4179
20.193
22.4027
30.2136
34.7886
43.6495
58.5174
42.6472
46.4061
34.2675
47.2961
34.1347
46.4415
36.1619
56.4646
55.183
52.5588
45.4648
28.2991
41.2555
24.3337
19.9732
20.6135
21.0904
25.7702
20.5086
22.5245
34.2036
42.3621
43.7668
62.3491
38.3839
53.97
35.1452
41.5141
29.0229
41.9259
47.7007
52.3991
51.7041
48.2226
52.7802
36.0965
23.2911
20.3975
19.3441
19.319
19.3411
19.1216
20.9551
34.3003
43.2105
43.6682
52.3204
57.4988
33.9933
38.1241
34.7319
25.4514
37.0946
42.7854
37.6204
58.465
42.7396
51.9524
47.008
28.3384
24.9362
27.4596
25.2725
19.5863
18.8861
18.5145
20.1057
29.5256
39.676
42.9453
37.629
50.2474
41.9972
33.5691
21.8934
32.6981
24.8991
36.0343
47.6344
42.1824
50.4782
52.7193
31.7601
50.2188
29.3577
23.8313
19.8501
20.0763
20.4309
20.4377
23.1834
40.0541
47.6138
47.5301
44.9515
33.2184
40.6162
32.7888
25.3755
33.2157
24.2418
31.7741
45.804
44.5836
54.4454
44.9578
44.016
31.1346
27.5098
22.0886
20.5663
28.9263
19.1019
18.8543
20.2648
29.6876
39.3655
43.6771
35.0205
22.9137
38.4454
31.9831
23.9486
38.3546
32.254
43.6577
42.0092
47.7588
52.2586
60.1446
33.4872
45.2822
30.0478
21.6664
21.8396
21.2254
21.9649
22.0433
32.9664
50.3605
44.5831
51.1125
65.6614
50.1273
53.3125
32.4013
27.0245
34.969
32.1065
27.3496
52.5675
49.9425
49.001
40.5286
48.4841
30.7152
29.4962
22.0036
21.4803
21.3259
22.3078
26.0948
22.8219
24.6465
39.4668
33.2532
45.8784
44.1606
52.6156
35.4811
35.4047
39.3947
26.3808
39.509
31.4438
45.4896
49.1536
50.5954
53.3197
29.6582
36.6082
29.6448
20.8933
20.3845
20.4001
20.1871
21.2279
23.7111
45.7825
49.9332
57.748
46.7904
59.7798
38.9507
36.2444
48.7781
38.3675
38.8419
38.0927
56.5308
48.4883
46.7072
50.4195
27.2357
23.6222
20.4083
19.8776
20.7023
29.9694
21.1528
20.2513
31.1192
44.5121
41.9695
43.7439
33.4594
39.8183
24.819
25.0997
34.6724
31.1626
35.0768
50.0022
41.6223
47.5457
50.1494
34.8017
49.1683
31.1166
20.5402
19.5444
19.9097
20.2564
20.2483
24.0663
39.6822
42.8774
46.7518
41.0756
35.8464
43.2574
46.8979
21.9422
25.6971
34.0239
28.5869
46.9449
48.8938
39.7424
53.7472
36.1801
41.6303
40.6459
27.6139
21.9052
21.8408
22.2416
22.3163
23.9282
50.6867
45.3382
49.3864
49.386
47.4604
39.3023
38.9934
22.6271
24.606
37.0099
39.9301
47.7542
48.1785
47.865
65.5737
44.7053
34.8515
38.0163
24.3885
21.3536
21.0605
21.1367
20.5202
21.9795
36.2393
43.1662
56.3942
56.5209
51.8474
47.2412
37.9677
33.7754
26.1536
34.0946
28.4567
51.6407
54.5223
50.5435
63.4049
50.1261
54.9158
33.5941

